,Date,unemployment_rate,inflation_rate,treasury_yield,Monthly Real GDP Index,GDP_growth,SP500_return,ABBV,AZN,BMY,JNJ,LLY,MRK,NVO,NVS,PFE,ROG
0,2000-01-01,4.0,169.3,,12870.47162,-1.066966885057985,,,,,,,,,,,
1,2000-02-01,4.1,170.0,6.661,12934.38121,0.4965598144879735,-1.522562650816195,,-12.828963872922095,-13.228003719669845,-16.339821241702126,-11.121498243242955,-21.70115054697218,2.2200305900216044,3.838385582529491,-11.22622797157311,54.440789473684205
2,2000-03-01,4.0,171.0,6.519499999999999,13000.50928,0.511258087467481,9.413332696160136,,22.264135775577287,-0.21832877446966714,-2.0790668009340707,5.8042430970428605,0.9137115536838492,8.390896707086881,6.420236989898975,14.10195396146543,6.922257720979763
3,2000-04-01,3.8,170.9,6.256521739130435,13173.13041,1.3278028289673172,-3.2668053177544287,,5.567378741523976,-8.205682657222734,17.437698183253136,23.153694156948724,12.400711667287222,-0.09766270119327958,2.5594231040535265,15.213674316322944,7.370517928286846
4,2000-05-01,4.0,171.2,5.990526315789474,13149.18201,-0.18179733483713045,-1.572223131413364,,-0.1483566372382561,5.395745508839567,8.484832439492385,-1.2965971752909367,7.374072347237104,20.863984797272273,5.169309610219064,5.638019172172748,-8.163265306122447
5,2000-06-01,4.0,172.2,6.440454545454545,13189.36127,0.30556471094127513,1.728613048756511,,10.549735126328684,5.788826484344178,14.239887545522523,31.641748832369167,3.0786706882564463,2.813689561604482,8.474599013665518,8.076012145830202,13.131313131313128
6,2000-07-01,4.0,172.7,6.097272727272728,13103.12198,-0.6538549383445558,-1.3384531098502128,,-8.064478984107094,-11.37339188810531,-8.650270784869907,4.00504095117824,-6.484488687994205,13.75738223730023,-3.5937367784357854,-9.63542113800252,2.1428571428571352
7,2000-08-01,4.1,172.7,6.054,13207.38479,0.7957096801750163,6.534123624212684,,6.578935282891796,3.131244748874007,-1.192113059168387,-29.70818880942868,-2.4640070170111383,5.591665409157831,-1.9449005589609158,-0.540360220975411,-2.447552447552448
8,2000-09-01,3.9,173.6,5.826086956521739,13240.35961,0.24966956384102623,-5.723123223668846,,15.363524569654373,8.458630633118336,2.496165155569652,11.482185051343086,7.01682931135017,9.35963086396674,2.314016224944382,4.352594668900478,-9.31899641577061
9,2000-10-01,3.9,173.9,5.799,13265.14799,0.1872183288834428,-0.21775757872163348,,-8.764861910232868,5.978225580053453,-1.9295085298352888,10.169492770834898,20.82280906753915,-4.279273794351457,-0.8077260834543187,-3.860903451684772,13.043478260869556
10,2000-11-01,3.9,174.2,5.738571428571428,13266.46375,0.009918924394902717,-7.4652690289496615,,7.863716509497598,14.237842756598695,8.548194142188104,4.825204162332075,3.0577077121221707,-9.882361588064104,5.700306536186739,2.604918870919448,1.7482517482517501
11,2000-12-01,3.9,174.6,5.717142857142857,13254.90556,-0.08712336774749918,-0.8268520707651494,,2.3312977529887924,6.6727398426099205,5.420677861550849,-0.38093156601319844,1.011424027534269,-7.12580934532464,13.37915696789802,4.02688731344556,12.886597938144329
12,2001-01-01,4.2,175.6,5.2405,13246.10119,-0.06642348344275684,4.766323976082076,,-13.766945011644328,-16.294178616736975,-11.357522311990786,-15.325722560496835,-11.891402571444566,12.82482873635189,-4.290495627499458,-1.8478774805126608,-5.022831050228316
13,2001-02-01,4.2,176.0,5.160952380952381,13220.26863,-0.19502010160922234,-9.53874612092297,,4.143179509397332,2.8515341674281824,4.509828744542244,0.8375268448064022,-2.4093184878399287,-0.35050822768515344,-0.3735626438152062,-0.33214574641027284,-8.84615580240885
14,2001-03-01,4.3,176.1,5.098947368421053,13191.54698,-0.21725466254766124,-5.857225230739371,,5.615486084013965,-6.3239217599878605,-9.8288432704406,-3.186579590481109,-5.361674125073035,-0.15075502538104413,-7.827520046490988,-8.777164140968052,-0.11252015860985232
15,2001-04-01,4.4,176.4,4.885454545454546,13291.40551,0.7569887758531957,8.83624997881558,,-1.5129685622381595,-5.723910518131792,10.300706221183376,10.879155595557656,0.5335812212143631,0.7134465074844831,0.8696414262006735,5.738642761445534,-19.740914257611642
16,2001-05-01,4.3,177.3,5.141,13352.68444,0.461041760812253,-0.5605774712874823,,0.6312834728640526,-2.6605170163773395,0.48714205434061686,-0.3528909216626186,-3.9225465740288734,3.1234412425828806,-1.9668019409298965,-0.9468749121735787,-8.070172761615957
17,2001-06-01,4.5,177.7,5.391363636363637,13260.35831,-0.6914424617376902,-2.659795953707944,,-2.237527179061982,-3.5766938828571515,3.4332526988472223,-12.344135236570908,-12.03197674565204,9.916971890339642,-5.810316612244815,-6.381918216509352,1.1450352226130667
18,2001-07-01,4.6,177.4,5.284285714285714,13219.12559,-0.3109472537322411,-0.7380386929838112,,7.9144365308018605,13.078389530677725,8.286657779332884,7.135144191167231,6.368374767965679,0.6666548843401898,-3.125857787148756,2.9213483641385984,2.4528287491708323
19,2001-08-01,4.9,177.4,5.236190476190477,13371.47661,1.1525045205353912,-5.933234853627223,,-3.8652270072980333,0.25251210195806895,-2.569290930703527,-2.0812335453258224,-4.236560203207751,-8.16776819265831,4.140484901341734,-7.059635953071464,8.471459214457578
20,2001-09-01,5.0,178.1,4.971304347826087,13154.00008,-1.626421197471628,-8.506341627964941,,-3.1971913910799787,-1.033139272044581,5.449194583957007,4.328651450944987,2.840269347033164,0.9615327371157223,6.717877528113081,4.953504869110703,-4.550085289893024
21,2001-10-01,5.3,177.6,4.731764705882353,13264.20052,0.8377713192168512,1.6822646034846178,,-3.404701548470934,-3.7977036902480554,4.530587218961446,-5.20438749719474,-4.189183938497266,-4.761901598014262,-3.3145116186915846,4.488733733789219,17.929565300939032
22,2001-11-01,5.5,177.5,4.566818181818181,13195.55455,-0.5175281382130303,7.797687521971497,,0.753745727830224,1.0591041338900986,0.587194218308773,8.065362289085387,6.1746181069620265,-2.8750091128942,-4.969440871698594,3.3651420676902966,-3.5294175860873023
23,2001-12-01,5.7,177.4,4.6515,13395.38971,1.514412745919791,0.2192280512242739,,2.530193763198074,-5.133914277796714,1.7645116829658525,-4.655738521467223,-13.210402321752767,3.2175293328902788,2.069336335820471,-7.750580973661448,-5.253284331530361
24,2002-01-01,5.7,177.7,5.0875,13430.53532,0.262370940755563,-0.6392737000674553,,0.8369494936033117,-11.039197937885037,-2.690372425925802,-4.379919469358262,1.1698749226833227,-10.847892533867176,-5.123278629227579,4.5671143220829435,-0.6600622462927253
25,2002-02-01,5.7,178.0,5.035714285714286,13344.50167,-0.6405824336121912,-1.7936031198958258,,8.491150839710993,4.164596502772677,5.894665292463985,0.8388767223709737,3.632979955695359,9.230772833417467,9.61594405961199,-1.703882539168411,2.990031917356162
26,2002-03-01,5.7,178.5,4.911578947368421,13410.27107,0.4928576699709808,3.0319489599066607,,-1.68836838747064,-13.851068880830852,6.981729863538355,1.0340966580400845,-6.1144594228586975,1.4084512074716837,4.32033729042296,-2.671255269908279,7.1290293047505005
27,2002-04-01,5.9,179.3,5.284000000000001,13462.21538,0.387347203713162,-5.545787734983165,,-6.130253167163991,-28.871348721487855,-1.678238635288709,-13.320170790032215,-5.089518867816856,-25.54720523834373,7.407865934922819,-8.530431199847666,1.1743432713034352
28,2002-05-01,5.8,179.5,5.210909090909091,13459.199,-0.022406267578223282,-0.5933528686093981,,-6.079453364075526,8.852560387789342,-3.9304284612647233,-2.043953834443424,5.079128992660875,9.65755576128462,2.0252627491591957,-4.814331068981403,-8.779758897497947
29,2002-06-01,5.8,179.6,5.164545454545455,13511.22398,0.38653845596605674,-7.703823398135057,,-6.221440955127977,-17.416411908438956,-14.527236157036638,-12.408811069121562,-11.313517825843178,2.7482860704185264,2.358713417065883,1.5092278201022324,-10.897227387137075
30,2002-07-01,5.8,180.0,4.9265,13582.04911,0.524194773951181,-7.559530487099786,,-10.756112408909091,-8.832690864342085,0.6505766884862485,3.581531030012619,-1.4223831630357786,-27.781169444630827,-6.160181609002602,-7.5714329240918925,-5.52911116225
31,2002-08-01,5.7,180.5,4.653181818181818,13503.75515,-0.5764517516164358,0.6800988682527542,,-20.33343379681486,7.656199534242836,3.2509371325671887,-0.6333085819139717,1.8548099662756945,27.230648919023224,-1.653297971303258,2.256533347498868,6.5891504388010835
32,2002-09-01,5.7,180.8,4.257272727272727,13509.77008,0.04454264708730893,-10.88473198507659,,5.7847278511174105,-4.609226792828047,-0.05743070002021122,-4.15614328717745,-9.52095803606542,-10.61858598958022,-1.7799779456691311,-11.91291661082311,-15.090907703746447
33,2002-10-01,5.7,181.2,3.87,13496.35891,-0.0992701572312682,8.713590971994822,,22.832819874540355,3.4033766839818957,8.635342141459134,0.2891739310386443,19.560331480401196,2.1835638119587886,-4.505410860191484,9.476231848546846,6.980724343200229
34,2002-11-01,5.9,181.5,3.940909090909091,13534.08664,0.2795400615201782,6.168134352513466,,0.7723315979503376,8.927230295723842,-2.9446917474094003,23.06303241408947,9.531628792782442,9.815286497087516,0.15814832392520017,-0.7554140157868372,-2.522014300686415
35,2002-12-01,6.0,181.8,4.048421052631579,13617.9587,0.6197097907746141,-6.118356819299908,,-7.267433407042634,-12.641512807785116,-5.484526606354989,-6.555973092668954,-4.712969575523795,-4.683368417454514,-3.342096258538829,-2.667834819803383,-8.624231410968763
36,2003-01-01,5.8,182.6,4.032380952380952,13593.53742,-0.1793314294601167,-1.9801667098442999,,-2.137384947370957,3.142814698444063,-0.18612633864022454,-5.133882063184103,-1.5525769503752396,-5.017316383694537,0.9528927007056875,-0.6869329521167478,13.25843039523349
37,2003-02-01,5.9,183.6,4.048571428571428,13662.46014,0.5070256392467387,-1.3478811411646752,,-6.464726312237545,-1.2293237956516156,-2.163839374511145,-6.108918330847002,-4.766192995171526,3.2422680509680335,-1.348416640959793,-1.3013913142002842,14.206348473492936
38,2003-03-01,5.9,183.9,3.9026315789473687,13602.71491,-0.4372948165102475,-0.18847738592437935,,8.428864317963392,-9.313335139578028,10.787909313610289,1.6101217783365263,3.8483904863445106,16.337323067005972,1.3121676438747176,4.493618248975539,3.2661522038988755
39,2003-04-01,6.0,183.2,3.8071428571428574,13674.03797,0.5243295950249305,8.898511141237297,,16.205172007823123,20.870840959987547,-2.6092792488977223,11.671019950074024,6.9526488978786105,11.835185499143819,8.573557880256267,-1.3157834733582674,11.372810359547426
40,2003-05-01,6.1,182.9,3.958571428571428,13689.63344,0.1140516797906832,5.4836485854143024,,3.436164609300252,1.5360730431327463,-3.566373487841046,-6.345951635750802,-4.468902864602454,-1.5426813471805967,1.3170958601331106,0.8780486507022012,-0.24168586116390944
41,2003-06-01,6.3,183.1,3.5690476190476192,13860.46481,1.2478885628949277,0.7013663803277392,,-1.1396609651802114,6.054673796697019,-4.462165114953454,15.996048040957266,8.94204114074888,-2.993846953495438,-0.47497247874856985,10.588578897107158,0.8479672180956577
42,2003-07-01,6.2,183.7,3.334285714285714,13894.59198,0.24621952054146856,2.1704843032501753,,-1.3490215711416398,-3.49908634909738,0.17400082794074567,-4.538221189230107,-8.115974468550558,-3.3746831176378334,-3.064552611353777,-2.3133453357468747,-11.471470817851637
43,2003-08-01,6.1,184.5,3.975454545454546,13968.4161,0.5313154938717535,2.062543442923137,,-1.4172134298419903,-2.158909991510838,-4.267195597648643,1.0480182330142807,-8.972504302484996,6.716416395156233,-4.197980142363489,-10.311762401295333,6.886026859454675
44,2003-09-01,6.1,185.1,4.4452380952380945,14048.34178,0.5721885676071681,-1.4688052767680482,,10.142770103219556,1.143081896673892,0.3512033521927638,-10.238788808791565,6.286395511678511,3.1887879359841165,5.058170129170425,2.0029579105913298,-1.5550611474418052
45,2003-10-01,6.0,184.9,4.274285714285715,14064.97083,0.11837019813736305,5.757063710674704,,9.861755475360546,-1.130163205667034,1.6357030972712794,12.154859315125833,-11.945979319380617,-3.307107550418209,-1.210123537221941,4.015741041938092,28.884587209057088
46,2003-11-01,5.8,185.0,4.290454545454545,14146.15585,0.5772142792279,1.09211915186056,,-3.628359219993871,5.008694589704166,-2.0464382605517195,3.2723183176138537,-8.24860050520899,7.653498756182131,9.981780533997032,6.234213049996207,9.804907525077255
47,2003-12-01,5.7,185.5,4.300000000000001,14183.8013,0.26611787964996303,4.537376430078854,,5.288381394670516,8.53893326048083,5.288939663456271,2.7531385715990453,13.793085711052466,6.666667257130499,8.744068260785554,5.741601767970583,0.5011330258751112
48,2004-01-01,5.7,186.3,4.267727272727273,14099.5868,-0.5937371669187175,2.4588679103592304,,-0.22738011892075027,-0.9321132546788014,3.4069183074230125,-3.2560421604584167,3.9351206797404448,-2.3193548127280805,-1.6125708566831487,3.679488825387933,5.507707080699098
49,2004-02-01,5.6,186.7,4.1505,14225.20926,0.8909655423377405,1.3570481974623405,,0.725097827999055,-0.8199619407471825,0.9172691256410959,8.671341483778638,1.0084168194486987,16.99574725706199,-2.214829539271279,0.05468900541139021,11.707842862004746
50,2004-03-01,5.8,187.1,4.084210526315789,14312.95077,0.6168029474738379,-1.669285914230545,,-2.823967008294259,-12.904362397116975,-5.502294727713652,-9.088266633454456,-8.090697810286029,-0.811752641407526,-1.7581398067787912,-3.9362904411675226,2.6346133305476194
51,2004-04-01,5.6,187.4,3.826521739130435,14267.49899,-0.3175570204242306,-1.5481673973906762,,2.3967235556426436,4.802708497875763,6.526058723604766,10.328869873819912,7.1895349188620505,5.024992707804854,5.164320967284475,2.0256436701123093,11.8605995085995
52,2004-05-01,5.6,188.2,4.347619047619047,14399.09747,0.9223654411486981,1.7122905316491188,,-1.9853433742243576,0.6772708613642653,3.1092611047242036,-0.1896808531426597,0.6382544403494617,-3.8140695081378184,0.8259120628194339,-1.174497675832964,2.9313232456210647
53,2004-06-01,5.6,188.9,4.7155000000000005,14303.26021,-0.6655782433563906,1.4797004817000303,,-2.686582558316619,-3.0470984480850394,0.5035393769317498,-4.6454725667040675,0.4228554845526311,12.546001922451078,-1.4832958932645135,-2.5380427968603847,13.751018157896677
54,2004-07-01,5.5,189.1,4.733809523809524,14427.47751,0.8684544514764081,-2.86857468074474,,-1.5775550763501012,-5.456663785128802,-0.7719400852574165,-8.854246765889284,-3.7901832843642236,-1.5787151181119286,0.3595227112513699,-6.767802574707438,-29.256080567277664
55,2004-08-01,5.4,189.2,4.498095238095239,14464.77569,0.2585218377512355,0.24360929341515902,,3.584110268605123,3.6244446146966647,5.120278005627155,-0.4236956835769856,-0.8379569207859427,4.851313986321704,4.008075524109156,2.2215068628419044,-6.188071437977305
56,2004-09-01,5.4,189.8,4.281363636363636,14482.06032,0.1194946286788845,0.5850284236719849,,-11.015078339871087,-0.2528568613195725,-2.5531322688532643,-4.805137258024217,-26.617767413154205,2.182829541405562,0.4736544149285926,-5.827520914211648,-8.406979440598771
57,2004-10-01,5.5,190.8,4.1257142857142854,14581.76927,0.688499756228067,1.710073242670651,,0.17017624180368784,0.16201706645437852,3.6392654286660164,-8.559534395235701,-4.312626626749683,-8.80043645021631,2.871209525819074,-5.392167154036054,1.0119945245764317
58,2004-11-01,5.4,191.7,4.0969999999999995,14590.4032,0.05921044175183354,4.143058296159086,,-4.3931922067989015,0.29870583911673076,3.3230626148283315,-2.877390521337475,-10.5078656481152,6.2062051063712875,0.08331160463863618,-4.076023218080682,10.554526531345054
59,2004-12-01,5.4,191.7,4.194,14645.42492,0.37710897530234266,2.831647197360554,,-7.6161794721238625,9.021288456512156,5.636059183075948,7.085351309162946,14.703852884527313,2.2808926909128946,5.182096591469332,-2.5859521864129875,-9.167549460222357
60,2005-01-01,5.3,191.6,4.2309090909090905,14775.71224,0.8896110608718422,-1.7802690849951897,,3.3251336263227405,-8.508932680048764,2.018286650534007,-4.42291006251796,-11.525711562685947,-1.4928343629869834,-5.263159143833307,-10.152442585528975,-1.3457031018357823
61,2005-02-01,5.4,192.4,4.221500000000001,14750.9682,-0.16746427920418805,2.0903808004149926,,5.691481129221909,7.985447133534596,1.3910122544611214,3.24483846943846,13.01252555497956,4.864357867158553,4.365076283368885,8.816194597450178,7.384758597939078
62,2005-03-01,5.2,193.1,4.165263157894737,14777.70587,0.18126044092481308,-2.2133850119109844,,1.1434685235510722,1.71788876296608,2.8212216970501247,-6.314609570271179,2.1134924804989907,-0.41034490190835493,-6.383816294106226,0.6725907462260983,-12.39596992187223
63,2005-04-01,5.2,193.7,4.497727272727273,14812.08122,0.23261628227277953,-1.4880654744024668,,11.18136658176736,3.274448417446041,2.1887884031573046,12.226441064486625,5.980036332162908,-7.546639303535086,4.168425882020732,3.425969740602186,-13.649997711181639
64,2005-05-01,5.1,193.6,4.3409523809523805,14777.61251,-0.23270673099913264,3.2224295930256774,,-3.2537065282789213,-2.4615333253540372,-2.229385100286052,-0.290738799476864,-4.306826855600443,1.4552885942823002,0.20522628386423492,2.686746450542543,19.83207380588603
65,2005-06-01,5.0,193.7,4.144285714285714,14930.16189,1.0323005823624554,-0.2510800804404467,,-2.9633362651760975,-1.4984388515855263,-2.6548078379595275,-3.824454270440869,-5.0554422374675,-1.2018107661434185,-2.846600714663361,-0.46319455503308626,-2.0294761173588527
66,2005-07-01,5.0,194.9,3.998181818181818,14945.10914,0.1001144536149523,4.245182132297276,,10.13090275136459,1.120000378535857,-1.5999668766669028,1.0949870245299476,2.0394428882992033,1.765752860067571,2.6770431963882846,-3.9158795475412567,0.665845777666263
67,2005-08-01,4.9,196.1,4.1775,14981.79124,0.24544551435774498,-0.9374114944629031,,1.4964571896038503,-2.041596257971612,-0.891213094164911,-2.308249111836158,-9.111395591835347,-0.09637091052965285,0.0821389922751381,-3.8490503145758748,-4.287114191776665
68,2005-09-01,5.0,198.8,4.262608695652174,14942.74584,-0.26061903663263664,0.37525947087921896,,2.9611191398942083,-1.6754971785825856,0.3418493689685498,-2.03565736633734,-2.300889958577512,-4.322644168949729,4.615380199237018,-1.2992035659797896,-0.9470154460579194
69,2005-10-01,5.0,199.1,4.199047619047619,14964.05831,0.1426275346459338,-1.949472313973688,,-4.670922808086475,-12.011672766886484,-1.0429591235461722,-6.969368031107681,3.7118958770739896,3.9935308953417126,5.529419668857294,-12.93556351331453,-3.4883779385120106
70,2005-11-01,5.0,198.1,4.4635,14996.76683,0.21858054360923695,4.395228292329345,,2.5612459308108404,3.1949401628114105,-1.3893308975993723,1.4259984437471562,4.181482614778909,4.072936307738195,-2.638449236907947,-2.4839096034828145,2.5435095093716997
71,2005-12-01,4.9,198.1,4.535,15163.5794,1.1123235554099775,-0.7176588058083633,,5.537445454438505,6.4381954322751955,-2.1623530504515154,12.883836073330702,9.58439131533806,4.882560608626552,0.15267903639002434,10.946551969178419,2.297652965130381
72,2006-01-01,4.7,199.3,4.467142857142857,15213.19629,0.3272109354338859,2.9442456222498414,,0.08231250479617813,-0.826790448553294,-4.2595576477092,0.053073306469353376,8.456455307699517,-0.8350903884456917,5.106706684133355,10.120097145454277,20.239918946933265
73,2006-02-01,4.8,199.4,4.416,15196.23537,-0.11148820850453989,0.5725180304536615,,-4.913671201565151,2.5963027560239382,0.1911580909331967,-1.7662345248509292,1.0435001013284761,5.447034810061524,-3.4626468461909643,1.9860151358856104,4.096795330441361
74,2006-03-01,4.7,199.7,4.568947368421052,15323.42151,0.8369582130261399,1.247765520680466,,10.783203933369577,6.536831267889465,3.3051801709334416,0.1376815488849159,1.0613680198234166,5.505534311047611,5.835804766038999,-3.9335783375856526,11.092982310664157
75,2006-04-01,4.7,200.7,4.7239130434782615,15240.50196,-0.541129472591273,1.6659074036440957,,9.75515457400875,3.1287970552259514,-1.03004930446714,-4.303809062960518,-1.223702902053414,5.350263011378864,3.733787862255933,1.6452769907673526,13.252572102365235
76,2006-05-01,4.6,201.3,4.990526315789474,15312.99659,0.4756708813808741,-3.0120801703496736,,-3.972451873713223,-2.1634821436350204,2.747009342341755,-2.4187285987403606,-3.2829728007383485,-3.41879997205341,-3.5298485741282137,-6.592973276819669,-7.682336498954978
77,2006-06-01,4.6,201.8,5.11,15291.72187,-0.1389324413086701,-0.1804051334823864,,12.995866545949465,5.336120863444926,0.11941388604863601,7.858136761432544,10.701665658004034,2.3169663785642447,-2.811816444638371,0.13907471334588806,-1.0884812883604433
78,2006-07-01,4.7,202.9,5.106363636363636,15244.73181,-0.3072908361757998,0.8918135768207991,,2.0227274642752535,-7.308629989800874,4.389216769163307,2.7140026726725663,10.540752339363312,-3.2866812245785804,4.265563629716529,10.737125356665045,1.1714587249282982
79,2006-08-01,4.7,203.8,5.0875,15303.67178,0.3866251681865496,2.1822855222858983,,6.734391003743445,-8.263684864903354,3.373298841659733,-1.479686582428974,0.6952761261530993,19.967469156724537,1.6008654211487894,6.040801540860863,1.7894744873046875
80,2006-09-01,4.5,202.8,4.8765217391304345,15365.90158,0.40663313284936553,2.2504029548484183,,-3.2755779847865374,14.574747357640172,1.0158104890523934,2.655793132534545,4.289515073694017,1.0030108703843243,2.310914272690523,3.8555318631864566,6.428816809389071
81,2006-10-01,4.4,201.9,4.718999999999999,15367.51223,0.010481975246401376,3.6053188016007542,,-6.079973866178879,-0.6821952204837611,3.7880981338255237,-1.7368673383256872,8.400985744368562,0.9124865081052258,3.918566059262152,-6.029575674513843,13.311742867535425
82,2006-11-01,4.5,202.0,4.729047619047619,15475.63782,0.7035985290378965,1.9885442319677704,,-1.3799510307228369,1.46794437479989,-2.2107007440707593,-4.320631268312414,-2.0035604574576205,2.992027064345204,-3.8201933414818923,3.151933119330552,-0.7002970633428363
83,2006-12-01,4.4,203.1,4.595238095238095,15458.54011,-0.11048145607222004,0.7756426494891278,,-7.496947456686531,6.000752028759027,0.7326182750647892,-2.0567676096448384,-2.0444832543886626,7.979340191176942,-1.6606540103708212,-4.9479992927666805,-14.867589712089202
84,2007-01-01,4.6,203.437,4.5645,15444.30537,-0.09208333968607763,2.0696176773359554,,4.4817915788079254,9.384531473383673,1.1815041831435114,3.8771701187716667,3.504169103663779,2.6306245699917463,0.4352150610156924,1.3127490832684385,-12.628911289942913
85,2007-02-01,4.5,204.226,4.7595238095238095,15546.46069,0.6614432799187719,-1.9617615186831028,,0.32170328676810467,-7.3857340958696005,-5.7934063759124355,-2.827058734225618,-1.3407869130549477,-0.37283119201370063,-3.9174700231813353,-4.878031063349719,-6.3274002292066145
86,2007-03-01,4.4,205.288,4.722631578947369,15446.77305,-0.6412240186869145,0.7592292263465472,,-2.3754679196714923,5.231293467613085,-3.6852666550123536,2.9337056233153413,0.04529137600248756,5.870692687991208,-1.4432749464175165,2.3077232374750345,-8.386699826664124
87,2007-04-01,4.5,205.904,4.5645454545454545,15575.93377,0.8361663603259739,4.843787502779007,,1.230182113938505,3.962521705498867,6.571536037552517,10.091250793425122,17.458290862401626,10.293306491449128,8.480087073830035,4.750605692400356,2.2322473788685127
88,2007-05-01,4.4,206.755,4.6938095238095245,15569.89167,-0.03879125379716575,3.391995645075019,,-2.080634586873109,6.0896890291072925,-1.4793037240924178,-0.8625140008413856,1.963490861904127,6.93019167260478,-3.2880087599354124,3.892639409637444,-11.2483424282256
89,2007-06-01,4.6,207.234,4.746363636363636,15588.00981,0.11636651290842792,-1.8849410421510004,,0.5641156120717694,4.124099848434226,-1.9703444931827296,-3.9791082130925304,-5.052467686905649,3.174012901529144,-0.1957966174645165,-5.987504703163216,-8.051693696127716
90,2007-07-01,4.7,207.603,5.102857142857142,15537.68085,-0.3228696967313427,-2.713537068797034,,-3.0852525608337844,-9.98103469531374,-1.817551353301039,-3.2032816894178584,0.4407841688996772,-3.3710746347240805,-3.781010266140772,-8.056327425531606,-2.324325973923147
91,2007-08-01,4.6,207.667,5.0042857142857144,15723.08754,1.1932713240148773,1.2832998769115367,,-5.0742705013634755,3.515078471677935,2.132207388924612,6.027042725811693,1.0473432163116803,6.577025719265062,-2.409611606027573,5.657200969024889,13.973434760231385
92,2007-09-01,4.7,208.547,4.674782608695652,15754.46532,0.19956500223110574,3.380947391966327,,2.8256019925261944,-1.1321006941074852,7.043115290040114,0.01120904887312868,3.0297077443097287,8.255105613283774,4.387449763430018,-0.4651606191188207,0.0
93,2007-10-01,4.7,209.19,4.521578947368421,15733.43991,-0.13345683000304254,1.8375162528939448,,-1.9372996079119797,4.059699398201677,-0.806728994477135,-4.883159320446085,13.572819587606766,3.0154901320443184,-3.256917020446326,0.7368178571967476,19.033747059909278
94,2007-11-01,4.7,210.834,4.527727272727272,15759.36406,0.16477102368137597,-3.8732452256436845,,-3.503030474722635,-0.24088119720153678,3.9435696305617274,-2.216054306865334,1.8880884123762653,2.2054916427042714,6.300534248852907,-3.45387564201195,-10.136645991727955
95,2007-12-01,5.0,211.445,4.1485,15809.07144,0.3154148848313332,-1.6480400823015384,,-9.62430962693308,-10.496097083747957,-0.9228745469561872,1.6538752061305395,-2.105769810692104,1.7890726962307424,-3.9101045452077487,-3.1614718535214026,-1.5660517927821194
96,2008-01-01,5.0,212.174,4.0975,15843.06539,0.21502812564935248,-5.547475234454002,,-2.5922493859141027,-13.197623233383748,-5.3373306099062106,-3.746065483902239,-20.14805214238937,-3.253160541239797,-6.48129619393133,2.7716722406714522,-27.830297422374606
97,2008-02-01,4.9,212.687,3.744285714285714,15621.46185,-1.398741560076333,-2.584285640512496,,-9.781845070238903,-0.6193326082989503,-1.8689013107735741,-2.6658925717616633,-3.904518889379016,8.956177924620356,-3.2290057695435914,-4.623293255490724,1.2140609500887578
98,2008-03-01,5.1,213.448,3.7375,15644.68252,0.14864594762622474,-1.3824480472780176,,4.381111023943607,-5.79391540840316,5.391073011086722,4.097764778242485,-14.33409248254469,1.2724950818859604,7.369047902921566,-4.731488962530584,5.46085708829267
99,2008-04-01,5.0,213.942,3.5100000000000002,15694.73456,0.3199300461100174,5.284916718161781,,10.502737333522205,3.145547511349811,3.4222155801710397,-6.687373333737689,1.1152221094674175,0.5107548677687257,-1.7567843598391808,-3.9177834995367866,2.484291633778546
100,2008-05-01,5.4,215.208,3.675,15735.02076,0.25668608695474937,1.5116519207109658,,4.073384521000745,5.202741259175148,-0.5216638005369645,0.0,2.4185255206343514,-4.935223180184167,4.013511528858871,-3.7294790232748953,14.456766079410531
101,2008-06-01,5.6,217.463,3.8800000000000003,15948.42307,1.3562251569600114,-8.813678643232825,,-2.655065907386922,-9.916609668872168,-2.916640525158365,-3.179739106912449,-3.2597940997901476,1.0719894398645735,5.138508281285081,-8.325813540623772,-4.082670401092214
102,2008-07-01,5.8,219.016,4.099523809523809,15816.58401,-0.8266589080396125,-0.4028790113536629,,14.154696427280955,2.87381294189597,6.4190365844642105,2.0580573825569326,-11.835317976824367,-3.7727221351735785,7.83066276846065,6.868919758595382,9.896252209637257
103,2008-08-01,6.1,218.69,4.007727272727273,15742.31967,-0.46953463499480597,1.545382281140406,,0.308961831352228,2.5681528335021575,2.862579896189854,-0.9764510889177846,8.419490222590543,-12.517713032379717,-6.251062171168364,2.356738953492532,-3.146945070300411
104,2008-09-01,6.1,218.877,3.8857142857142852,15570.01548,-1.0945285930659798,-9.93866038310901,,-8.892114731759726,-2.2961579784848807,-0.9939012214653209,-4.706879997051139,-11.522311070767898,-7.847376642636905,-5.032346073218664,-1.913532826986375,-7.5731039900247765
105,2008-10-01,6.5,216.995,3.6861904761904762,15446.6238,-0.792495551199035,-16.03546504428347,,-3.2360895003997747,-1.4388723134395653,-11.46076799415039,-23.1887456869431,-0.8511496201534019,4.511726208422817,-3.5011334123034143,-3.9588011583121197,-18.60464912366665
106,2008-11-01,6.8,213.153,3.814090909090909,15461.75577,0.09796296068271815,-6.960661027934689,,-11.139922928965973,2.2502143018831022,-4.499507285895133,0.9757720824227212,-13.667189075156472,-4.503831010022285,-7.981966986058476,-7.2275393222463125,-6.312291011464433
107,2008-12-01,7.3,211.398,3.526666666666667,15191.6065,-1.7472095279383648,0.16651434869039416,,8.746380457683657,12.318825432126479,2.9826361971338144,19.575321177655148,13.772439251685498,0.5675178734907194,6.052861011514232,9.697353143935272,-1.524823735965597
108,2009-01-01,7.8,211.933,2.4163636363636365,15229.5387,0.249691828181553,-7.466310878105897,,-6.093117693472561,-6.652504768565038,-3.57678528620905,-8.567152747798046,-4.728553273080715,3.3858241559387103,-17.081975854042387,-17.67362939420598,-11.775298537488776
109,2009-02-01,8.3,212.705,2.5175,15180.04541,-0.32498220054425486,-10.744906125715092,,-18.011922097501554,-14.01216510053801,-13.32986649638439,-20.206440425384244,-15.236453958693208,-8.865005347159094,-12.142534350790513,-15.56925389267667,-25.510204081632647
110,2009-03-01,8.7,212.495,2.87,15153.12696,-0.17732786215690632,7.561149959546154,,16.573142135258244,19.0657039899224,6.072434091158274,15.24553877132524,10.537225288753959,-0.9087106099243236,9.001579749798449,13.021130038309403,3.452050195981382
111,2009-04-01,9.0,212.709,2.819545454545455,15148.2272,-0.03233497622592285,10.721504100939994,,-1.3540334127639886,-12.408733064688704,-0.45628290708358277,-1.466613064709732,-7.864254431261298,1.2027667581522739,0.21148789997100792,-1.9089739021713181,34.79873884648035
112,2009-05-01,9.4,213.022,2.927142857142857,15166.30278,0.11932472203743938,5.845369105109621,,19.302250803545306,5.238272144533873,5.347586834021745,5.012124054704015,13.778904197615871,9.619027980761153,5.565805594113971,13.697623932921022,-32.96660528676555
113,2009-06-01,9.5,214.79,3.293,15170.94893,0.030634691047626283,-0.6268606711154923,,5.800566296437792,1.957807129261635,3.8842243168572876,1.5891244708975627,1.377809698412702,4.569888680222678,1.9240447666406757,-0.13185900524200767,18.581478168404143
114,2009-07-01,9.5,214.726,3.7218181818181817,15152.51422,-0.1215132295617094,8.06761100106499,,5.2107094244348895,7.040913851513553,7.2007373896914695,0.721693558373615,8.83082008090672,7.216328974200681,11.84111781321553,6.200009450222077,23.33169217749449
115,2009-08-01,9.6,215.445,3.5622727272727275,15244.86249,0.6094583952154231,3.6939568080030405,,0.409130884768083,3.3717561019879883,-0.7390122447469838,-4.098570839785731,8.063975157943503,4.487030413861137,1.8632369032440366,4.833619515880616,4.609216766992952
116,2009-09-01,9.8,215.861,3.587142857142857,15252.80656,0.052109817357903765,3.0548401533079472,,-2.3854874561219264,1.7623207969200916,1.5610016990824427,0.17267012633712664,-2.4668650358953825,3.1798132415127744,8.414030042963795,0.09843309389128141,14.827581897785546
117,2009-10-01,10.0,216.509,3.401904761904762,15451.96364,1.3057077673972683,-1.4553232745834421,,-0.08898024227022017,-1.8676042468461884,-3.021815502388192,2.9669980055807343,-1.0300358276427612,-1.2708363783326182,3.1163095834517485,2.9002898603979865,-13.413408883942635
118,2009-11-01,9.9,217.234,3.3876190476190478,15386.44055,-0.4240437754486015,6.160663985034276,,-0.17811897523614117,16.10091193051053,6.418260987151392,7.997617765316667,17.070780925737083,7.353173057233264,7.025991258766107,6.694087176619479,8.516373870897409
119,2009-12-01,9.9,217.347,3.4026315789473687,15299.2781,-0.5664887191859314,1.3643737560352642,,4.706649667396956,-0.23703477259033878,3.3092323392905243,-1.4092284018371926,0.9113608801184947,-4.301564595705109,-2.104309625752643,1.0674975299838518,7.634941868537881
120,2010-01-01,9.8,217.488,3.5900000000000003,15398.91178,0.6512312499241446,-3.115446864860949,,-0.9586863211121899,-2.3155096343140613,-2.406410516075408,-1.4281633864614784,5.55675388962853,5.606902243014278,-1.6535090384318218,2.5838441054157224,-21.01616312808705
121,2010-02-01,9.8,217.281,3.7331578947368427,15436.00918,0.24090923131452335,3.119469501595562,,-5.097849043860714,0.6157370502976045,0.2226998187977669,-2.4432136210687405,-3.4049560835099912,5.472326639936065,3.343903338936527,-5.948551971019733,14.661654764328125
122,2010-03-01,9.9,217.353,3.691052631578947,15533.26715,0.6300719885941497,5.652901296696489,,5.197967638981438,8.935160572540468,4.283926177614084,6.963683686408717,1.274418510979869,8.436447026512273,-2.205337788637085,-1.3563476851008005,5.683058005770825
123,2010-04-01,9.9,217.403,3.7273913043478264,15594.2031,0.3922931950604003,1.9651940109746802,,-1.0957392821065004,-4.069054851224041,-1.3803693126556826,-3.4511423223916204,-5.202387487724036,8.384630302308205,-2.5186308595797846,-2.507283027904217,15.374012260024017
124,2010-05-01,9.6,217.29,3.8468181818181817,15573.71634,-0.13137420276384537,-7.945469601590249,,-4.476581978080729,-8.297084308280201,-9.33124768065251,-6.2339048247600175,-3.852741362208889,-6.431161414405606,-11.48477011211152,-8.911497263518154,-14.6698583079932
125,2010-06-01,9.4,217.199,3.4200000000000004,15649.2109,0.4847562287114249,-5.623101621096637,,11.550279894248439,7.453666375484058,2.228892230310109,3.6042224610803197,3.799338735765745,5.467307801476218,7.353917609164662,-5.382297877763886,-2.7661030215381466
126,2010-07-01,9.4,217.605,3.2040909090909087,15720.71743,0.4569337742134971,7.338311130668274,,7.023131895674117,1.2003329009793395,-1.6423943923494777,6.268649661081116,-0.3657431425943991,6.183676197985077,0.8692121226508309,5.189390724586107,11.451207247952166
127,2010-08-01,9.5,217.923,3.0114285714285716,15690.47474,-0.19237474456661463,-4.498037555455592,,-2.002367126107263,4.654871949644623,-1.8419631779680534,-5.646062327840751,2.031365650107797,-0.476580851233932,7.693876447228898,6.066673905867592,-13.408728347587806
128,2010-09-01,9.5,218.275,2.6986363636363637,15767.80722,0.4928625888090954,8.375276611374094,,3.961781204239845,3.949393410417912,9.688389634378858,10.182025856471855,4.692814195614448,14.973141833461877,9.868553864770192,9.12161852120521,17.462688203005673
129,2010-10-01,9.4,219.035,2.6476190476190475,15807.57749,0.2522244814710417,4.376015410593381,,-0.4733421482649325,0.37537328864187813,2.872806842057063,-3.640808346889579,-0.3248465518883359,6.4607606928689165,0.4855288510560385,1.4560024908834457,13.087671511421139
130,2010-11-01,9.8,219.59,2.54,15761.11335,-0.2939358673357373,0.0,,-6.9956415351509875,-6.170942654267797,-3.4358218470300628,-4.375038610178472,-5.0674747607722175,-5.133569622152024,-7.8343422795256075,-6.42936135593245,-7.331451987425219
131,2010-12-01,9.3,220.472,2.763,15855.42131,0.5983584909628137,6.127086524082004,,-1.5768366850152593,4.912821725884786,1.3521698436525398,5.5456632988277965,4.554672287133399,13.226721698953469,10.37259064295406,8.533951440597697,15.944219623870183
132,2011-01-01,9.1,221.187,3.290909090909091,15713.69414,-0.8938719900846381,2.8681724763852667,,5.8670990696905845,-4.909355185082454,-3.362997743288809,-0.7705295673393286,-6.981198340011985,0.4974478896315082,-5.241729408973561,4.054782052075034,11.843134063521244
133,2011-02-01,9.0,221.898,3.3939999999999997,15692.26131,-0.13639587107300288,3.4737524148209076,,0.5521178522792214,3.7944626915729085,2.7940698985364554,-0.6040010930358441,-1.8088702844860416,11.95969818134639,0.7339674245826044,5.598264066869274,10.238431961421446
134,2011-03-01,9.0,223.046,3.5763157894736843,15903.73668,1.3476411450352055,-0.42058853629725057,,-2.541346493713925,2.4022250953933177,-2.692315727570671,3.1844956996192053,1.3509262225343877,-1.128994119335458,0.7270968781375231,6.67134880149125,-4.452922987522722
135,2011-04-01,9.1,224.093,3.4143478260869564,15940.24741,0.22957328038457625,3.343108653390092,,8.044269711776963,7.642019711730308,10.919817461731363,5.231717565991167,10.178947633890445,3.2394247639612628,8.868432929548531,3.249602459085832,-7.85619353670427
136,2011-05-01,9.0,224.806,3.4549999999999996,15870.0818,-0.44017892693423155,-1.1214239135358683,,5.157507098774494,2.348748202388684,2.3889424955903182,3.9718994359937643,2.2253482650255174,-1.083284567372511,9.041743822390892,2.289018120775199,13.029864614080267
137,2011-06-01,9.1,224.806,3.168571428571429,15820.31685,-0.3135771486697747,-2.1719772046414954,,-4.446561177702457,0.6954525628317887,-0.28693740953013025,-1.2187471536017402,-3.9728149177214123,-0.5792977666213339,-5.285199291516573,-3.033018243796981,-1.5555072181745122
138,2011-07-01,9.0,225.395,3.002272727272727,15862.13448,0.26432865028238606,-1.5146181940053571,,-3.1156260491479792,0.11926755466349359,-2.6007189035490597,2.0517170576243027,-2.23912083292358,-2.6022087065815547,0.14729836794276085,-6.5533969946033555,4.935062211353536
139,2011-08-01,9.0,226.106,3.003,15935.32267,0.46140190081152,-5.497524297550804,,-2.2469672511595373,3.8032161031066547,1.558896500335183,-2.0626728876182665,-3.017843150590638,-12.588090943001152,-4.477109060905149,-1.4026230324164168,2.867160484268272
140,2011-09-01,9.0,226.597,2.3030434782608693,15814.76957,-0.7565149604843224,-7.421089070870934,,-4.730007181290096,5.478967532548884,-2.3443730959604503,-0.01919577698523689,-1.2084847626163575,-6.694172885420913,-4.60145486033976,-5.810827965306109,-21.535989760975973
141,2011-10-01,8.8,226.75,1.975238095238095,16079.73806,1.6754495778593892,11.488581021207956,,8.002723019797076,0.6692096047915541,1.0990961240997743,0.5139543013467307,6.772517421005642,6.81269769781041,1.255147257392042,8.936613793678072,10.324551470871391
142,2011-11-01,8.6,227.169,2.152,16034.59817,-0.280725281914207,-0.4063915537914631,,-4.02840690262175,4.632064500750244,0.5124962629878382,1.8568564375925467,3.6231846716427984,6.820329184300689,-4.161487731600044,4.20565539221458,-8.037983676594251
143,2011-12-01,8.5,227.223,2.0134999999999996,16031.99829,-0.016214188671492824,0.4080498338514982,,0.6742327445361296,7.701711914032128,2.2691644439053027,11.241925341094671,5.454571986846624,1.5059374456915187,5.635613421513286,8.907861598126289,-7.153652639823305
144,2012-01-01,8.3,227.842,1.9780952380952381,16085.00123,0.3306071959417567,5.301093596806727,,4.018120955563531,-8.51305378217251,0.5032308709344013,-4.3791556710986885,2.7304003601272164,3.4009993575780717,-4.915161419307735,-1.1090535914047517,4.259358841093741
145,2012-02-01,8.3,228.329,1.9665,16312.97611,1.4173134135346377,4.340494314794885,,-6.7705048184793615,0.7613818021805496,-1.2593062233343222,-1.2581950465739844,-0.26129880473650946,17.74627024338191,0.2759303698624871,-1.2616664031800728,-3.486859593928804
146,2012-03-01,8.2,228.807,1.9675,16141.83137,-1.0491325362457116,2.766049420847927,,3.343425554581292,4.911424141566845,2.24743459218284,3.9202096264155273,0.6025700369589382,-1.1544146249246934,6.193504078184442,8.307030844141682,4.475599462342639
147,2012-04-01,8.2,229.187,2.1727272727272724,16232.57349,0.5621550487056037,-0.23227059889587842,,-1.3261131120235192,-1.1259226200612038,-1.303852060133781,2.781241259034606,3.3265263006478474,7.851913459328719,-0.43309343937155687,1.1037162005808732,-1.1870944115423332
148,2012-05-01,8.2,228.713,2.052857142857143,16273.58535,0.25265162067655833,-6.005585486430731,,-7.949904652531325,0.9226391720742244,-4.101345079021468,-1.0630839878660536,-4.230368627838088,-8.998767852437584,-5.691510550521739,-4.497817304295881,5.275529928087619
149,2012-06-01,8.2,228.524,1.8031818181818182,16254.9869,-0.11428612441571895,3.5217519511574036,,10.73994074094049,7.828389090648202,9.270683389875668,6.030789858234953,11.096330518241748,8.632928418161834,7.437998696990267,6.209076109651535,-1.736543634561294
150,2012-07-01,8.2,228.59,1.6223809523809525,16324.45059,0.42733771750993466,1.707215661721806,,4.6033209662970975,-0.9735509884551963,2.457050794687432,2.610109970964203,6.952630206659816,6.3299834951517475,4.865854319940444,4.521752151118097,-9.492557632649568
151,2012-08-01,8.1,229.918,1.5266666666666668,16234.63404,-0.5501964645292179,2.505286195566958,,-0.04270099355188073,-6.392452248663583,-2.5859135277261247,1.9986065532892283,-2.535639864906536,1.6630101901985883,0.6652868557265101,-0.7487602356968659,10.990244376859337
152,2012-09-01,7.8,231.015,1.6782608695652175,16287.38382,0.32492127552754546,1.9906419062859948,,4.236767009279441,2.2417520465990437,3.1235028495156802,6.766606192995472,4.761905073543504,0.44554318130825,3.812897437686069,5.11113393689806,6.45890835810794
153,2012-10-01,7.8,231.638,1.7231578947368422,16217.92692,-0.4264460196161779,-1.2957496294273008,,-3.0505837075292086,-1.4814766600593332,2.77170374416833,2.5732969598607713,2.138515028607557,1.5715054285270202,-1.3058672709250096,0.08047572264089364,-6.964118792336748
154,2012-11-01,7.7,231.249,1.7461904761904763,16294.76466,0.47378274904694706,0.5659844824015714,,2.4569255645856325,-0.8719243093752715,-1.539090502416507,0.8431079451947765,-2.9147592192789173,-1.010663646117349,2.6298110220327686,0.6031361365442578,12.737884996701698
155,2012-12-01,7.9,231.221,1.654,16387.52553,0.5692679332013117,0.18290906287687925,,-0.5679433487576602,-0.12255501903902788,1.4195911460441524,1.6017145357654083,-7.584637863158816,2.8612838440626343,2.014500692468313,1.140332822318113,11.771324569689611
156,2013-01-01,8.0,231.679,1.719,16514.92461,0.7774149902422645,5.8646077504239,,1.9251192249852611,10.892880790900893,5.44935290116948,8.860492244385544,6.655737521646743,12.95263926307304,7.140608404641191,8.771881605504262,-5.638339197873476
157,2013-02-01,7.7,232.937,1.9147619047619049,16372.38465,-0.8630978546138146,1.2758464295475225,,-5.687005282885227,3.407164740020008,2.96268402945985,1.8066574944340719,-1.2023762980699848,-5.071891561837882,-0.029496353964475475,1.206795014844353,1.8139105058682548
158,2013-03-01,7.5,232.282,1.9842105263157896,16437.41777,0.39721226559381595,3.3375067093837085,10.455062359950794,14.582205222218803,11.414668981187859,7.978125948409209,4.851791685273432,3.4402101243681704,-7.714279078864717,9.067089204526258,5.443922143171687,-0.18864002162007898
159,2013-04-01,7.6,231.797,1.9575,16451.43006,0.08524629717432397,2.3745366610591345,12.922975131233972,3.881562941986072,-3.5688480998899874,4.538221966667977,-2.4828361456784687,7.3598672443477176,11.497419393597852,3.537346500800198,0.7276512827602,-10.457790117466558
160,2013-05-01,7.5,231.893,1.7590909090909093,16420.07273,-0.19060549682086148,2.3610040001835086,-6.438454989301102,-1.2904510116453216,16.816781226250743,-1.2319889789457972,-4.00866336514415,-0.6383131420646393,-8.792401247628412,-2.71150195744404,-6.329561778716808,8.513135835073381
161,2013-06-01,7.5,232.445,1.9281818181818182,16521.95952,0.6205014537715714,-1.853781049683989,-3.1622994698161655,-7.707318455525636,-2.8688941747107677,2.7624635004844134,-6.78813721255046,-0.5353721539410383,-3.8050868186428,-1.4632189147191998,3.722002990306006,2.269287284790522
162,2013-07-01,7.3,232.9,2.3,16556.71487,0.21035852289752466,5.724173206456062,10.014485585688405,7.230424339064934,-3.2445952206352047,8.898141296527617,8.122937921336604,4.655360888461257,9.00174513114953,1.2728091932059815,4.355583669667973,17.5401506563585
163,2013-08-01,7.2,233.456,2.5822727272727275,16619.25061,0.3777062085746907,-2.999246423760571,-5.449156986965553,-2.977105933834079,-2.8258031912681725,-7.5828863381649185,-3.219712660272389,-1.8268908657258942,-1.1721520475861835,1.9131463911825408,-2.7025469802915314,-0.2696830529704486
164,2013-09-01,7.2,233.544,2.7372727272727273,16608.53264,-0.06449129537494658,2.664237266911873,4.975347840711741,7.407628077150186,11.009813174634985,1.0799067273781882,-1.1859064974926503,0.6767123476281389,1.365757739728668,5.110978581932013,1.8433631584924726,7.229129679623214
165,2013-10-01,7.2,233.669,2.8095,16675.5499,0.40351102323510357,5.140646333933407,8.316583697503454,1.7908679956527562,13.483171517300008,6.828969579061228,-1.0133122922484028,-4.439461443895542,-1.5069011462907067,1.0950410705121039,6.822129788481579,2.488230587805229
166,2013-11-01,6.9,234.1,2.6159090909090907,16753.74525,0.4689221672983468,2.963787884960123,0.9007055980287282,8.19146172409524,-1.4403865954402684,2.2135827146443576,0.8028758991369234,10.51232990598583,7.235856089628201,2.024510042615546,3.3886959210939205,3.034780703088269
167,2013-12-01,6.7,234.719,2.718421052631579,16709.26425,-0.2654988442061912,2.0386405621971804,8.99894757844326,3.8118442027677,3.444958896416783,-2.567735940988791,2.55701929964276,0.44146532212625544,3.3737882963589705,1.5925094973903375,-2.7193658115645225,-2.0856572912734794
168,2014-01-01,6.6,235.288,2.901904761904762,16605.03591,-0.6237757596059379,-3.0010381323969604,-6.778990489887415,6.956380236569015,-5.3451965936812895,-3.406444878118764,5.9019702285052045,6.794124754051145,7.355482780885958,-1.6297593784274644,-0.7508967567002034,-1.300811767578125
169,2014-02-01,6.7,235.547,2.858095238095238,16681.05646,0.45781623365366286,4.551575061740576,4.231658011059691,6.708647544366175,7.604547463541689,4.125657962373341,10.36846676638843,7.589194090106788,19.813462482853605,5.1979259021359026,5.624986752790884,6.5897794646238905
170,2014-03-01,6.7,236.028,2.709473684210526,16676.96844,-0.02450696099376426,0.3865040884718729,0.9624781237526747,-1.5042529101254587,-3.384807389731881,7.4000108800224895,-0.36254064838899813,-0.3859916759031412,-3.955383012766589,5.65623869646994,0.8652495335136345,-3.5239550028430378
171,2014-04-01,6.2,236.468,2.723333333333333,16803.35175,0.7578314395371155,1.1395525868714618,1.3229787429540618,21.840321663454997,-3.580344906508315,3.115109861210885,0.40776828452833147,3.958232322497457,1.2891547788358215,2.2583068274825813,-2.6151901993557103,-3.8449179455049554
172,2014-05-01,6.3,236.918,2.705238095238095,16867.1599,0.37973465621223834,2.320663692861036,5.253860971889668,-8.665410415232543,-0.004721667145279884,0.16782594140769547,1.2859378477615424,-1.195351980853132,-6.8517094288002784,3.5886740369055925,-5.274948205546382,3.732085715903688
173,2014-06-01,6.1,237.231,2.559047619047619,16934.15884,0.39721530119603,1.5777358666455132,3.883667089342002,2.9224620841849402,-2.472871699798096,3.8331800209344014,4.722586136497453,-0.01730028385077409,9.247882571081757,0.5218627538172926,1.0616048112910503,6.569226249357807
174,2014-07-01,6.2,237.498,2.5985714285714288,17022.40393,0.5211070170876075,-0.871009024767655,-7.264328255434216,-2.045501930153759,4.349623340500153,-4.3299696925550135,-1.785423103794026,-1.179419904198531,-0.3031087204925398,-3.9655180069061102,-3.3018861716407,-13.54935654938403
175,2014-08-01,6.1,237.46,2.5422727272727275,17117.36074,0.5578343128883834,3.9463316484089406,6.418238174930857,4.423695835466757,0.8073647321936939,3.636770194882266,4.094321685604352,5.939389667687656,-0.19543960500627566,3.335617835434257,3.3076345298433285,4.9163174072827776
176,2014-09-01,5.9,237.477,2.42,17054.43878,-0.3675914818629944,-1.8384658502866635,4.48624615923483,-4.774052670652107,1.0463857455759618,3.452176939715712,2.8507880380140183,-1.3808097592229007,3.6118109218513217,4.775168379610584,0.6124704836336425,-9.006317640673778
177,2014-10-01,5.7,237.43,2.5342857142857143,17142.93257,0.5188900739658386,2.8335219056823124,9.86844350724143,2.0996559374917956,13.696758882690109,1.116420045201716,2.2821848749510876,-1.5474995263416003,-5.123873082154273,-1.529802698983207,1.2850713251437496,24.853916804626675
178,2014-11-01,5.8,236.983,2.304090909090909,17151.79412,0.0516921475588461,2.747214808827847,9.858538473473356,1.686310713448269,2.1967903681586964,0.43607273866821394,2.6986477423185162,4.2457785868309506,0.6197294631751671,4.272315418789541,4.006673695465124,3.5834384230219563
179,2014-12-01,5.6,236.252,2.3255555555555554,17129.30059,-0.13114388991978254,-0.8011636831725455,-5.433518216750921,-5.109863374091739,-0.03388941344960594,-2.770410506056231,2.013857579054079,-5.976823975616464,-6.907160609467522,-4.128306122782243,0.8660922551401606,14.995767851377417
180,2015-01-01,5.7,234.747,2.2072727272727275,17274.73477,0.84903746790983,-2.427334914847934,-7.778121687004691,0.9377223639744914,2.736169420479939,-4.236393550606687,4.362982774372082,6.9478262090197695,5.29298426995457,5.11546007384025,0.3210330238846204,-9.307467588189578
181,2015-02-01,5.5,235.342,1.8815000000000002,17353.58436,0.4564445767175185,5.620435224357356,1.0011262715714508,-3.0123569850419973,1.078493991192775,2.366713660150843,-2.541694138823525,-2.886521083982063,7.158890270832807,5.133476082963417,9.823990722905783,5.984292082886666
182,2015-03-01,5.4,235.976,1.9752631578947368,17213.75539,-0.8057641989069886,-2.0079702025157298,-3.2396434015388276,2.104778381867156,5.876546159925589,-1.1762747221023884,4.273803512447016,-1.8107466212641032,11.81153130553696,-3.701165039195431,2.2637077470302636,5.0204399162754765
183,2015-04-01,5.4,236.222,2.0427272727272725,17389.54895,1.0212388640199022,1.43413285673204,10.454367509351691,0.07307420961075728,-1.1937726932167436,-1.391669577111565,-1.0736200435707555,4.457159565016933,7.046814852702443,6.155280585089318,-2.4719499309822868,-11.55577193260704
184,2015-05-01,5.6,237.001,1.935,17349.77882,-0.22870133155467043,1.2856533657414015,3.839000055724262,-1.3580576804767541,1.949970105463561,0.9475869567849404,9.781522794031773,2.2330234639200253,0.3732257173322706,0.9135427125179119,2.4167177486050795,-0.6326490032522725
185,2015-06-01,5.3,237.657,2.1975000000000002,17403.51044,0.30969628234140956,-2.5054693362690394,0.9010572632986324,-5.684687952426404,3.003067805478432,-1.9665643791616727,6.549276338076515,-6.50350456867298,-3.0453595261345723,-4.273333722052897,-2.712419404897781,-8.456748249621537
186,2015-07-01,5.2,238.034,2.3636363636363638,17403.97079,0.002645155996483517,2.7563409897503277,4.197029026002941,6.074416774232683,-1.3525547361441848,2.8217080727882315,1.2217017558888044,4.353526628777926,7.6698519348521454,5.501326184900357,7.545499656057242,-15.376471519195412
187,2015-08-01,5.1,238.033,2.3245454545454547,17407.66602,0.02123210872155834,-6.094995242835688,-10.193988699352573,-7.4282371273470815,-8.893146602994218,-6.216951939390869,-2.555893142369048,-8.666894333218345,-6.258471855873404,-6.29397837198824,-10.648912125427067,-0.5538705851883208
188,2015-09-01,5.0,237.498,2.1671428571428573,17499.9371,0.5300600315630177,-3.055626971041492,-12.818466846353093,3.0887296124775254,-0.45400139299626163,0.08949451408093445,2.2391087229423734,-8.28227462198402,-1.8635770437520849,-5.4515533048638325,-1.7521758395631637,-4.455622617741772
189,2015-10-01,5.0,237.733,2.172857142857143,17488.01373,-0.068133787749447,9.070107662828253,9.446800712936533,0.21999290625929202,12.105638927353857,8.227109190608694,-2.53313643987223,11.62296142986181,-1.9543002909047202,-1.620971897717094,7.672728991389999,-12.523504718302759
190,2015-11-01,5.1,238.017,2.07,17422.41305,-0.3751179580072317,0.3654833325026807,-1.4497569055634485,6.773284334039387,1.607312783907311,0.20786360607756293,0.5761650683119734,-3.0186534075373306,3.365955915247243,-5.7392541232692444,-3.1046603795998884,19.15305193408512
191,2015-12-01,5.0,237.761,2.263157894736842,17477.62378,0.31689485171517706,-2.3096621980968735,1.8744512192631735,-0.2936982305633773,2.656268103502346,2.2098111958597455,3.3572227834830937,-0.3584019500722513,5.657617818857297,0.9385273551799189,-0.7002014253473687,-6.963739110770195
192,2016-01-01,4.8,237.652,2.2427272727272727,17548.10375,0.40325830837855126,-4.413148075286156,-7.3261117801363795,-5.095709626666678,-9.142944081506489,1.6744680179086258,-6.12392983701,-3.241462711912191,-3.805094212210147,-9.379359924208053,-5.545232111447818,-7.950355823896949
193,2016-02-01,4.9,237.336,2.0852631578947367,17517.7857,-0.1727710892978851,-0.08255719614741475,0.516499759826794,-11.017996868069934,-0.36999915361904945,0.737250835861869,-8.975978094498515,-0.9078024214714597,-8.000719458186756,-8.798245638610936,-2.6893935899709787,12.534225395484523
194,2016-03-01,5.0,238.08,1.7795,17630.83661,0.6453493148965705,6.178937413541075,4.596218288092535,1.3992606593617118,3.1486843470899473,3.587264664617229,0.7104507881211086,5.377382551680077,5.428008381819982,5.839496308358827,0.9032377960096261,12.07413138154887
195,2016-04-01,5.1,238.992,1.8890909090909092,17643.86692,0.07390636240489634,0.9119296139514343,6.792740405494979,2.8409212569602493,13.665984110591388,3.5859048547758565,4.888195830899544,4.554491330138011,4.77508242084328,4.873003240032814,10.357632890005487,-4.192414174566594
196,2016-05-01,4.8,239.557,1.805238095238095,17588.87336,-0.31168654949251806,1.7011550250151108,4.155215296601789,2.555259465777593,-0.6649801614273532,0.5442798958394057,-0.6620286951239285,2.5893546261555933,0.4481219594666186,4.659728708208966,6.083758138342521,15.882148733289082
197,2016-06-01,4.9,240.222,1.8061904761904761,17623.1511,0.19488309056765463,-0.17156360084241706,-1.6208423704819674,1.6498179025121518,2.580178199093841,8.408947907848718,5.65899356416546,2.3995629206298164,-4.032842197342168,3.773119452691809,2.3784017941826052,-8.078836539737356
198,2016-07-01,4.8,240.101,1.6440909090909093,17631.49454,0.04734363311451606,4.186159908386156,6.977875465122896,13.083791570777015,2.2527496727074103,3.2399059389967233,5.257077832191692,2.653807933618424,5.931588382442721,0.9089845307264754,4.771385912063031,12.013100082799543
199,2016-08-01,4.9,240.545,1.504,17739.19503,0.6108415242715992,0.11973562184639519,-2.3664429305849555,-3.8957129621913666,-23.285660734356327,-4.70333864600363,-6.20094207314329,7.040566836307871,-17.99194399626125,-5.392757065598741,-5.665474169786366,-18.30801015052782
200,2016-09-01,5.0,241.176,1.556521739130435,17802.69967,0.357990539551567,-0.49683060294277714,-1.6068728820331946,1.490138560504839,-6.046369282374576,-0.3535742719658841,3.8860323551178855,-0.6051949037142568,-10.13064492617579,0.24120371040270427,-1.863379364157669,9.2470076869118
201,2016-10-01,4.9,241.741,1.6304761904761906,17736.19871,-0.37354424459602464,-1.2373086535612865,-11.558589108089812,-13.816202741429318,-5.582327025074574,-1.8115699275821795,-7.998990729445731,-5.222552766364319,-14.546753990945183,-10.055726872107783,-6.3773366745556785,-10.887363010028384
202,2016-11-01,4.7,242.026,1.7645,17834.71328,0.5554435401338598,3.6838265642193946,10.004669073551554,-7.697738646856633,11.630621762556315,-4.043467995183336,-9.100775710193654,4.2064118493830405,-5.458669022196794,-3.1821898336802157,1.3560264721617976,36.54234664363412
203,2016-12-01,4.7,242.637,2.1420000000000003,17866.75842,0.1796784702781551,1.4293556798824492,2.993423595415945,4.5141736755808015,3.5435760573724773,4.22835497063232,10.297463332121026,-3.7914926140708127,6.726208360271602,5.933676152326872,2.0657624244260875,3.3503738885818812
204,2017-01-01,4.7,243.618,2.491904761904762,17844.63148,-0.12384417743752651,2.389421641933831,-2.4113499116310555,-0.3294523713198494,-15.879524711817417,-1.7012405423245225,4.7314743716762475,6.107821557391158,0.8644456010605372,1.4826938657570121,-2.3091053415270513,4.088008709091695
205,2017-02-01,4.6,244.006,2.4325,17871.66938,0.1515183994149849,3.9291598189304944,2.2155716005613835,7.4550215247720875,16.11976759478184,7.911672596041464,7.503511462265466,6.259089910248505,-2.322338225062448,5.749468916306322,7.532340303259377,3.20200786204603
206,2017-03-01,4.4,243.892,2.4189473684210525,17951.13045,0.4446202999308202,-0.30871309704741945,5.368710433664958,9.955326928302055,-4.108610537226598,2.5891400925758035,2.253410658258659,-3.5372540286355947,-2.9719873282743503,-4.989130506333028,1.285222796554586,4.072234302944189
207,2017-04-01,4.4,244.193,2.4817391304347827,17869.62723,-0.4540283422652225,1.4319994851834439,1.1970415714530613,-2.858055838028384,3.07098858787902,-0.8671266977733016,-2.4372711077184084,-1.196434895615972,15.086278037658873,7.492227079896341,-0.8477012684779184,19.87888569795542
208,2017-05-01,4.4,244.004,2.2973684210526315,17990.15203,0.674467343099705,1.4112635503029436,1.1173917796331256,13.685936804231646,-3.0482506867554826,3.8713935554971712,-3.0343623238947237,4.460129351449771,9.539822670414488,6.153434266862434,-3.744102319555953,3.1766043962624613
209,2017-06-01,4.3,244.163,2.3036363636363637,18078.12548,0.4890089302930667,0.14912862886033995,9.830363805956077,-0.872341707972335,3.2808169403839127,3.834100232970261,4.098834454862432,-1.5665733618439481,1.2272870188060336,2.079001617507603,3.874846970648682,2.2690930071401327
210,2017-07-01,4.3,244.243,2.186818181818182,18062.10833,-0.08859961735369071,2.5531001810717324,-3.58571467527955,-11.469637156961365,2.1177214254636256,0.3250674679176502,0.43739345710509525,0.4052152073567239,-1.1424574862605286,2.072597549211208,-1.2801628636054607,8.607989539399362
211,2017-08-01,4.4,245.183,2.318,18118.45513,0.3119613666938914,0.2917647045969529,8.678121891103752,-1.1597169572143295,7.033582206538558,-0.2637119530385368,-1.6573811732547572,-0.03130120336485298,12.311314815230666,-1.0680691705997059,2.291908471824655,0.49165196664666677
212,2017-09-01,4.3,246.435,2.2091304347826086,18203.67684,0.4703585895626139,1.5111817357696955,18.00790616648733,15.321293534228886,5.390218197243968,-1.1581202759865183,5.899316932935039,0.2661846841980342,2.156335795713349,1.850747459751556,6.275707011639375,12.425133149181011
213,2017-10-01,4.2,246.626,2.202,18200.69647,-0.016372351729798673,2.864361863214948,1.5643095790644157,1.829986358229152,-3.2632675249803067,7.230219091600842,-4.208544697813609,-13.339886337977747,3.40600981194501,-3.8089621299543075,-1.7927226497182258,14.105644675829732
214,2017-11-01,4.2,247.284,2.3600000000000003,18333.14357,0.7277034712287689,3.056593638151095,8.13973751166519,-4.724625977467145,3.102433122127457,-0.05737722011481816,3.295091366640368,0.3267335948453409,3.97671463829965,3.8992595339393255,3.42271121052502,5.931091638518815
215,2017-12-01,4.1,247.805,2.3533333333333335,18397.35442,0.35024462528658873,0.6980566041878467,-0.21667867402362928,5.567376862677587,-3.0226189457124963,0.8939955876428041,0.41752590826116265,1.8093170869905695,3.6700713191544665,-2.144526719023021,0.802444590862117,0.5089956762030168
216,2018-01-01,4.0,248.859,2.4025,18382.65973,-0.07987393004738053,6.175890790273919,16.037643653515854,1.037478408028747,2.154034935290605,-1.095022725168393,-3.563821831702929,6.191542174270959,3.4097249033330224,7.265360322762193,2.2639292260041577,1.7663047447465274
217,2018-02-01,4.1,249.529,2.583809523809524,18486.52089,0.5649952810174774,-3.636061388884093,3.9572978522333546,-5.33372143800227,6.444709407417304,-6.013465312700705,-5.438930783314011,-8.489441554112542,-7.243235433067518,-7.450594619203043,-1.9708294318126152,-16.664638705245714
218,2018-03-01,4.0,249.577,2.8589473684210525,18442.46896,-0.23829216033737222,-3.129014287878651,-18.28541553633174,8.351860713165781,-4.45619345583107,-0.700197591589713,1.2020759312484364,0.46106879129015343,-4.331793792708849,-2.999397991370245,-1.3528348666690282,-12.947862991815906
219,2018-04-01,4.0,250.227,2.8423809523809522,18513.2169,0.3836142555177835,0.9193889235385999,2.007400144991589,1.60137314918527,-17.581028475300865,-1.2953612652593427,4.782227699448893,9.022966977683765,-3.3747948784998205,-1.6725538638094672,3.1558312194280402,-10.741177738787632
220,2018-05-01,3.8,250.792,2.869047619047619,18574.66281,0.33190293362792556,2.430949395555926,3.5368521619529636,4.221794619699049,1.585139167567462,-5.4312433274422816,4.896977935348779,1.1210997812546086,1.2782453046278341,-2.829567314698278,-1.8574270451071406,6.804125908037406
221,2018-06-01,4.0,251.018,2.977727272727273,18609.49685,0.18753524818357903,0.12547117618786352,-6.3573781768437865,-5.1850066383055555,5.1691546536503985,2.1902003245252377,1.0329341007519366,1.965390331963568,-2.9869586373166612,1.368761995249268,1.9598134486559893,-2.1937522113762764
222,2018-07-01,3.8,251.214,2.9123809523809525,18643.3542,0.181935870017913,4.170328470882012,-0.4533376287493951,11.449743629704678,6.161903398048318,9.213776950373,15.797459157293382,9.355951774562655,7.914134774498494,11.066981332230874,10.06063079472721,4.584604927619651
223,2018-08-01,3.8,251.663,2.889047619047619,18737.1939,0.5033412925234071,3.1919817732079636,5.128740027272949,-2.0189024099655395,3.8099975858865154,1.6374983080909455,6.922404587950104,4.129339845520641,-1.2055537572462582,-1.0607731713736857,3.9819483155857816,18.44386007178582
224,2018-09-01,3.7,252.182,2.889130434782609,18719.03344,-0.09692198360609083,0.14122006523793473,-1.4586601018996226,4.405127957456623,2.5268414970944564,3.2673221517572237,2.132536186379852,3.426162274208866,-3.1820449526074324,3.7947121549362084,7.045434144930307,6.699499898105299
225,2018-10-01,3.8,252.772,3.004210526315789,18735.63931,0.08871115088942005,-6.489016198173081,-17.688731946708224,-1.9964633783594588,-18.588921514725577,1.3172444704951491,1.053030297185975,4.47175075374262,-8.400498188804562,1.5088373151699974,-2.2918102709474697,-16.467559434906953
226,2018-11-01,3.8,252.594,3.152272727272727,18695.31799,-0.21521187151846144,1.8549162472839553,22.38723781080132,2.6817955452262288,6.457309558107349,4.9360587664006195,9.406111416899954,7.78427195480722,7.966637985617719,4.653548297896237,7.361841110607159,4.550630761104357
227,2018-12-01,3.9,252.767,3.117,18770.61122,0.40273842916325187,-9.334310684883873,-2.206418168729074,-4.620807461954579,-2.768444763235056,-11.591693584710116,-1.9701553358562607,-3.692986426413958,-1.179740343766622,-6.249333246308375,-4.852195198220688,-23.006377476291718
228,2019-01-01,4.0,252.718,2.8326315789473684,18835.01997,0.3431361357661977,8.63727095217557,-12.908117095505279,-3.6861268044847795,-5.021184922733335,3.122842734076703,3.577586163943014,-1.908454588610764,2.0620870380271494,1.9927852624707976,-2.749138350479985,28.114281031596455
229,2019-02-01,3.8,253.322,2.713809523809524,18828.23268,-0.036035480773632944,3.241604948627397,-0.0973235151876306,13.6686558177197,5.463200244668487,2.675068886275578,5.36460651255255,9.216729556833103,4.104613600089646,4.239038100642789,3.0120156335167403,22.330782066120047
230,2019-03-01,3.8,254.202,2.6763157894736844,18843.31356,0.08009716183301485,1.3635696048746482,1.7037090018956702,-0.5366946912808701,-7.646164276070378,2.9838424364770466,3.3045381854810874,2.312680399210043,6.864156475342265,5.381997092991098,-2.030001711999907,2.3381673963365435
231,2019-04-01,3.6,255.211,2.570952380952381,18910.80409,0.35816699533817165,4.543687897899429,-1.4890326822379452,-6.851336342219961,-2.6828502880605565,1.0086747545122288,-9.802723093334631,-4.7202764011530345,-4.869829941835457,-1.4579636463136758,-4.379550389223141,5.438065913971468
232,2019-05-01,3.7,255.29,2.532380952380952,18926.53818,0.08320159166748109,-6.377098235193934,-2.0945815357540476,-0.74349229414028,-1.4208614825423904,-7.117583700309204,-0.9398491109169349,0.6352351649749011,-3.693124175791229,4.14691561830276,2.240810672475124,-17.627744762510964
233,2019-06-01,3.6,255.159,2.395,19049.45658,0.6494499883232141,6.440930963184233,-5.201417339077208,10.433376937769022,-0.0441113997753817,6.925681465780764,-3.9058554514584842,5.857845412267948,8.135599266274562,6.620716653182668,5.26065793837267,25.067030191258443
234,2019-07-01,3.7,255.685,2.074,19101.15225,0.2713760877266935,2.005681084858013,-8.388342906518254,5.159887958580778,-2.072758525300533,-6.50490762212681,-1.660844714475307,-0.36464056858239724,-6.112856865546279,0.2957174670887852,-10.34167425578838,-8.06582339857207
235,2019-08-01,3.7,256.059,2.059090909090909,19130.45744,0.1534210586693785,-1.6743482891824146,0.18381102726687804,3.73185191364227,9.200514799913261,-1.4283465383032157,3.6897778878483,4.1933041950946714,8.74373998365714,-1.6051574494604814,-8.470646980814289,-16.538513101919595
236,2019-09-01,3.5,256.511,1.6263636363636365,19161.46245,0.16207145123028344,1.4771676816446755,15.18099608323691,0.003100152104740239,5.492007252410036,1.549925454785317,-0.45417481479174127,-2.648333736208719,0.0989803255632582,-3.5623118843968515,2.014485065005278,3.2396983871337603
237,2019-10-01,3.6,257.244,1.6995,19141.96768,-0.1017394682210071,2.6824732936582496,5.0581177500908625,10.0067177274072,13.133493018271004,2.0559492109634814,1.8957514893824134,3.6302451462275176,6.8085037046003105,0.6214077980186916,6.790965808930216,-0.8997227166424815
238,2019-11-01,3.6,257.803,1.7068181818181818,19239.41847,0.5090949458754768,3.6198357014562754,11.890958491405112,-1.1217674602980066,0.08434621892614569,4.127564808675577,2.98376326802694,0.6000395793849034,1.6841727354565572,5.558090622149647,0.3909549051110073,-4.030108966093115
239,2019-12-01,3.6,258.616,1.8121052631578947,19266.04452,0.1383932162061896,2.402097598539399,0.9232701982217595,2.846542221055337,12.732719640533595,6.830002930390178,12.642458752356745,4.324387946786179,3.0810338559156936,2.589381475741992,2.696403838463568,-4.068605400475134
240,2020-01-01,3.5,259.037,1.8628571428571428,19209.32653,-0.29439353750647657,0.4510460294705476,-8.493319159744805,-2.3265058929751836,-1.9317846951958817,2.056649349144535,6.246652511939099,-5.4141304928383205,5.096748751265712,-0.19009518543863235,-4.951527824229462,-5.596090089855343
241,2020-02-01,3.5,259.248,1.7576190476190479,19371.07984,0.8420561217874267,-7.916568740425656,7.217944755045247,-10.061621309139445,-5.51712435119277,-9.666131774558428,-9.674868380399971,-10.39325705401688,-4.438591400685832,-11.162842922821403,-9.341059667402185,-1.4861995753715496
242,2020-03-01,4.4,258.124,1.5042105263157897,18390.26178,-5.0633112252971735,-12.998713445433484,-11.107230361286724,4.0412531729570045,-5.621399969869023,-1.8692909944614144,10.551819215421588,0.49634645465326255,3.5609924882678445,-1.7984773833490952,-2.333933482295447,-18.60344985435749
243,2020-04-01,14.7,256.092,0.87,16574.99805,-9.870787875212084,13.361052859932032,7.8881668533282046,17.062235501873424,9.0957954165797,14.420782137753928,11.476346246297208,3.9712079341011286,5.199329937263086,6.494534196619717,17.524467349503126,17.602206173361633
244,2020-05-01,13.2,255.868,0.6576190476190477,17282.66029,4.269455947236156,4.764516546959774,14.418607842435161,4.437641999041975,-0.9796314890851199,-0.8597730989003405,-1.0928609479904927,1.7393574069692885,4.121265474706304,3.1865869033148586,-0.4431256836672115,-2.503601185496862
245,2020-06-01,11.0,256.986,0.674,18282.09759,5.782890383943329,1.3275351236691435,5.94584313247819,-3.1318623839228454,-1.5405470123047493,-4.80346010820104,7.8476091916588775,-4.19970593270077,-0.6975974408327312,-0.10293701038438519,-13.522173520086456,15.09329024151409
246,2020-07-01,10.2,258.278,0.7286363636363636,18536.09375,1.3893162901555067,6.355212244808306,-3.330623575143876,5.464174995731019,-0.23808299934600097,3.6478517260536636,-8.460229389866091,4.587890107067438,-0.22909143238476481,-5.953740650485129,17.675828199230725,-4.341890930149949
247,2020-08-01,8.4,259.411,0.6236363636363637,18738.11884,1.0899011017356353,6.979689683116508,2.137698856585213,0.39439280001600796,6.843788985278221,5.248383332746065,-1.2642135931460352,6.268694738429481,1.08680074435481,4.772334153505731,-0.8333082512566148,-4.933303769083408
248,2020-09-01,7.9,260.029,0.65,18962.23714,1.196055494757453,-4.1281539118833255,-8.54130793533413,-1.3605574269306975,-3.070737061722728,-2.306972642564886,0.2368998021445412,-2.7207622157565448,5.954123411507273,1.045786844255514,-2.8843488821974628,-13.458653542123745
249,2020-10-01,6.9,260.286,0.6795238095238095,19056.66869,0.4979979382327082,-2.1030383658258933,-2.8427846185441807,-8.467144663319903,-3.05190579331841,-7.905694035074884,-11.863256602492289,-8.671475287641384,-7.979245530726098,-10.211595898916991,-3.3242437596650687,23.618197265679708
250,2020-11-01,6.7,260.813,0.7871428571428571,18846.65455,-1.102050643878827,10.8776734460716,24.56425300637781,5.542271635537177,7.5607367672180015,5.521125998856635,11.643413270324587,6.887371667035969,5.07121256137637,16.329413059393683,13.807031018047455,21.192874263903793
251,2020-12-01,6.7,262.035,0.8700000000000001,18874.97219,0.15025287339391902,3.2646570106811934,2.4574448904574275,-5.5723377831419345,-0.592959150315242,9.533870846855352,16.51735130334775,1.7539669617441467,4.051832298062985,3.9634472692637646,-2.927256720882343,5.704165417691542
252,2021-01-01,6.3,262.65,0.9336363636363636,19221.7842,1.8374173297258656,-0.5971228794490524,-4.358361982847569,1.2202287983963611,-0.17734010058069183,3.653577143926645,23.17578123209558,-5.038371443038747,-0.3579107693941874,-4.193590736716013,-2.472138326780926,0.5022951070959847
253,2021-02-01,6.2,263.638,1.0810526315789473,18992.81259,-1.1912089305424423,2.7805526854594698,6.3623020717469725,-4.387336381764062,-0.16277785880154383,-2.8627569845416034,-1.4809862873383928,-5.77399302967695,2.370702917240952,-5.040331443611934,-5.698278011502877,16.281147697093257
254,2021-03-01,6.1,264.914,1.2578947368421052,19440.15176,2.3553076611493085,4.198639315183961,0.44553915797260757,4.756124199135425,2.934952057224627,4.363781835275016,-8.438582437783237,6.155348376319902,-5.375438108797903,-0.500533983921736,8.18152187464969,3.7084037606172737
255,2021-04-01,6.1,266.67,1.6108695652173912,19455.10312,0.07690968766387307,5.63590525419797,3.0308509043012855,6.737722095068199,-0.35344715468333954,-0.9857061427904101,-2.1678621808590037,-2.510620338590741,11.250796875998127,3.720701014833905,6.679564025056495,4.05397659627269
256,2021-05-01,5.8,268.444,1.635,19578.17005,0.6325688907476756,0.656603894142882,2.759062965919168,6.971922480264303,5.286787229703438,4.006631553487083,9.284896109015683,1.8657723334924992,6.693724368063991,3.683718368625799,0.2069928778677843,-4.335166663160505
257,2021-06-01,5.9,270.559,1.621,19605.69932,0.1406120691039625,1.9093455188899933,-0.4947096512114446,5.5134825151566424,1.6737467976657205,-2.057419796922222,15.417159293892446,7.396172276145596,6.172367662928435,3.2360304085521596,2.106526742694137,7.179074731820778
258,2021-07-01,5.4,271.764,1.5190909090909093,19564.45244,-0.21038209005849184,2.776389687810865,3.249304451051027,-4.440735303333964,1.571393206721905,4.528331778071526,6.090979571976729,-0.3076374551613026,10.540766926606327,1.2604119206150566,9.320748888248588,-5.079679677899729
259,2021-08-01,5.2,272.87,1.3185714285714287,19705.59479,0.7214224391551616,2.9759922308802977,5.009872075188082,1.8169088423394708,-0.7604041054572797,0.5400865203655236,6.073924539818831,-0.7545252075404019,7.958964248616618,0.0,8.58972869653738,11.442810524753423
260,2021-09-01,4.8,274.028,1.2831818181818182,19754.00503,0.2456674894409483,-4.964999442331408,-10.688849960540047,3.8799777788909084,-11.501642654436994,-6.163178478685783,-10.257452061929918,-1.5467244598850516,-3.4377864684662085,-11.48392560854984,-6.642060577290032,-12.207526711321181
261,2021-10-01,4.5,276.522,1.3747619047619049,20005.46974,1.2729808948519938,7.359186178578692,6.303869046852317,3.862812805314997,-0.49702987450208624,0.854481944693708,10.261843124077984,18.278640419458704,14.706800877752935,1.1983376986913985,1.6972736684168543,7.850707703274806
262,2021-11-01,4.2,278.711,1.5825,19976.56372,-0.14449058370374912,-0.8034753617101709,1.7507648900157768,-12.103237736814432,-8.167812964304266,-4.266959627878764,-2.637780892431374,-14.923330645732413,-2.996461142241724,-3.69744213733062,22.839515439002067,35.55091573979941
263,2021-12-01,3.9,280.887,1.5595,20042.97676,0.3324547751599072,4.258490270255955,17.453170701328634,6.237452999440807,16.259558926991446,10.42812386872658,11.722661808414724,2.3094251911609076,4.839475161603368,9.749050088099253,10.866044132573926,0.1393899529083198
264,2022-01-01,4.0,282.599,1.4649999999999999,19905.03963,-0.6882068050654278,-4.941332813449217,1.1004352893890346,-0.0686676923744467,4.07378363272215,0.7131448470849122,-11.161398820265555,7.32387275744768,-10.830357494461573,-0.640214530089589,-10.770536192022572,-0.018310546875
265,2022-02-01,3.8,284.61,1.764,19938.56222,0.16841257602659976,-2.951701679018015,9.068145151109208,4.5868405701184,6.752617632788627,-4.480811425151843,1.8582687608893478,-6.0137458382364954,3.084000528388775,0.6328397556708554,-10.235539121921667,0.01831390025028856
266,2022-03-01,3.6,287.472,1.9342105263157894,19935.1304,-0.017211973271369363,3.437689520143028,9.70425565541866,10.770718919302702,6.349213676081633,8.384076230462355,15.04918319514774,7.142852705260805,7.8679027749501085,0.3315809413981574,10.289732107892146,-0.47618600475045625
267,2022-04-01,3.6,288.611,2.1278260869565218,19865.01477,-0.35171894335839227,-8.493505073750796,-9.39484300134994,0.09044973894358765,3.8277574263442027,1.822479020140122,2.0114100223169062,9.054139829463438,3.6417151179649165,4.519112680924864,-5.215375802868971,-0.3606959669848586
268,2022-05-01,3.6,291.268,2.7475,19917.74297,0.26543247317201146,0.22572414620138925,1.1863297978336407,0.12049066842974021,0.23914679263423722,-0.51534827526587,7.294686005710571,3.7659223392169316,-3.157890810140629,3.3056955861447967,8.090479269074757,-1.9725163688726566
269,2022-06-01,3.6,294.728,2.8980952380952383,19909.58288,-0.040968949204178706,-8.640684554959455,3.9289037785503744,-0.6167363484940291,2.0543434211372835,-0.4898029688621075,3.791026299953937,-0.9344780750957571,0.9329634938138431,-7.0486062750864775,-0.34396140727901425,-1.2397349025502824
270,2022-07-01,3.5,294.628,3.1433333333333335,19898.56663,-0.05533139527029718,9.68049024254225,-6.300610128726758,0.24217317121915105,-3.5162396786032613,-1.6843983854608058,1.6839835968733619,-1.205267033574653,4.155070584026221,1.5379177623629392,-3.6620239996439374,2.7318874288046358
271,2022-08-01,3.7,295.32,2.896,20200.87783,1.5192611891161167,-4.08018950358815,-5.429778642475258,-5.813079276843358,-8.63376645708428,-7.552151225698989,-8.632347534488128,-4.454882121947179,-8.581763581672641,-6.186652790859782,-9.758538191380495,-6.956358673180707
272,2022-09-01,3.5,296.539,2.8978260869565218,20071.15571,-0.6421608065336315,-9.615877545230777,-0.18591971454392509,-11.466274785860175,5.459120969157838,1.9323404197387317,7.69365622313658,0.890347849379336,-5.591228654197855,-5.601081631543304,-3.250061087948597,-3.4488261385512864
273,2022-10-01,3.7,297.987,3.5190476190476194,20127.4007,0.28022795903066555,8.571722472502973,9.082758908772949,7.239243299386522,8.974528458739384,6.494844190461735,11.980825652615135,18.45777682066756,9.244201035901467,6.735944486693679,6.375681972953995,-2.7079555645499465
274,2022-11-01,3.6,298.598,3.9835000000000003,20222.02655,0.4701344769272753,5.559163908607334,11.21590633368752,15.575584046727698,4.416366725923715,2.316497655346983,2.4828012433686153,8.814239427794156,14.479974070970059,10.39073399657382,7.69067009221045,-53.66506604890606
275,2022-12-01,3.5,298.99,3.8909999999999996,20204.80519,-0.08516139545865498,-6.193593426312216,0.2667857996769607,-0.25010510723215695,-10.376181185667722,-0.11787262629544548,-1.1370719275947683,0.753719421033483,8.61958632621953,1.2952214381454885,3.0903016809935346,9.446070557485253
276,2023-01-01,3.4,300.536,3.616190476190476,20283.65522,0.3902538493121721,6.776820372362646,-8.576204628284367,-3.584078853410766,0.9729077601807301,-7.48938394072749,-5.928822215798801,-2.549213158229302,2.5417489758655876,-0.11022673484033518,-13.817334586005646,16.968326312551252
277,2023-02-01,3.6,301.648,3.5315,20193.96427,-0.44218336895986976,-2.5142709687377196,5.152609389615059,-0.2906485226146227,-4.3282169273604065,-6.21711547089504,-9.568502272249479,-1.0892881397295162,1.5924453522690785,-7.172810850808675,-7.2861149291507115,5.451680500034439
278,2023-03-01,3.5,301.808,3.7468421052631578,,,3.313488382161034,3.5542544259580033,8.035329090235678,0.5075441715466145,1.8627362228829325,10.703390155656534,0.14118936766325252,12.873250158485172,9.367573562514252,0.5669243621506892,11.025812543491952
279,2023-04-01,3.4,302.918,3.6630434782608696,,,1.9852379797527409,-5.176628485211266,5.48911879783347,-3.664706531926598,5.612907980362247,15.269914661378948,9.289213898719506,5.836893959075606,16.334413169098603,-4.681371226354159,-1.5174667066521708
280,2023-05-01,3.7,,3.46,,,0.461619373823563,-7.86847983832919,-0.1912037521365817,-2.6951938710372714,-5.277949042558139,8.48785497105169,-4.382088425652952,-3.967915356593954,-6.161645426175366,-2.2370803020451024,-2.162159548631837
281,2023-06-01,,,3.5736363636363637,,,,,,,,,,,,,
282,2023-07-01,,,3.61,,,,,,,,,,,,,
