Date,ABBV,unemployment_rate,CPI,treasury_yield,GDP_growth,SP500_return,AZN,BMY,JNJ,LLY,MRK,NVO,NVS,PFE,ROG,inflation_change,unemp_change,treasury_yield_change
2013-03-01,10.455062359950794,7.5,232.282,1.9842105263157896,0.3972122655938159,3.3375067093837085,14.582205222218803,11.41466898118786,7.978125948409209,4.851791685273432,3.4402101243681704,-7.714279078864717,9.067089204526258,5.443922143171687,-0.1886400216200789,-0.6550000000000011,-0.2000000000000001,0.0694486215538847
2013-04-01,12.922975131233972,7.6,231.797,1.9575,0.0852462971743239,2.3745366610591345,3.881562941986072,-3.5688480998899874,4.538221966667977,-2.4828361456784687,7.359867244347717,11.497419393597852,3.537346500800198,0.7276512827602,-10.457790117466558,-0.4850000000000136,0.0999999999999996,-0.0267105263157896
2013-05-01,-6.438454989301102,7.5,231.893,1.7590909090909093,-0.1906054968208614,2.3610040001835086,-1.2904510116453216,16.816781226250743,-1.2319889789457972,-4.00866336514415,-0.6383131420646393,-8.792401247628412,-2.71150195744404,-6.329561778716808,8.513135835073381,0.0960000000000036,-0.0999999999999996,-0.1984090909090907
2013-06-01,-3.162299469816165,7.5,232.445,1.9281818181818184,0.6205014537715714,-1.853781049683989,-7.707318455525636,-2.868894174710768,2.7624635004844134,-6.78813721255046,-0.5353721539410383,-3.8050868186428,-1.4632189147191998,3.722002990306006,2.269287284790522,0.5519999999999925,0.0,0.1690909090909091
2013-07-01,10.014485585688403,7.3,232.9,2.3,0.2103585228975246,5.724173206456062,7.230424339064934,-3.2445952206352047,8.898141296527617,8.122937921336604,4.655360888461257,9.00174513114953,1.2728091932059815,4.355583669667973,17.5401506563585,0.4550000000000125,-0.2000000000000001,0.3718181818181814
2013-08-01,-5.449156986965553,7.2,233.456,2.5822727272727275,0.3777062085746907,-2.999246423760571,-2.977105933834079,-2.8258031912681725,-7.5828863381649185,-3.219712660272389,-1.8268908657258944,-1.1721520475861835,1.9131463911825408,-2.7025469802915314,-0.2696830529704486,0.5559999999999832,-0.0999999999999996,0.2822727272727277
2013-09-01,4.975347840711741,7.2,233.544,2.737272727272728,-0.0644912953749465,2.664237266911873,7.407628077150186,11.009813174634983,1.0799067273781882,-1.1859064974926503,0.6767123476281389,1.365757739728668,5.110978581932013,1.8433631584924728,7.229129679623214,0.0880000000000222,0.0,0.1550000000000002
2013-10-01,8.316583697503454,7.2,233.669,2.8095,0.4035110232351035,5.140646333933407,1.7908679956527562,13.483171517300008,6.828969579061228,-1.0133122922484028,-4.439461443895542,-1.5069011462907067,1.095041070512104,6.822129788481579,2.488230587805229,0.125,0.0,0.0722272727272721
2013-11-01,0.9007055980287282,6.9,234.1,2.6159090909090907,0.4689221672983468,2.963787884960123,8.19146172409524,-1.4403865954402684,2.2135827146443576,0.8028758991369234,10.51232990598583,7.235856089628201,2.024510042615546,3.3886959210939205,3.034780703088269,0.4309999999999832,-0.2999999999999998,-0.1935909090909091
2013-12-01,8.99894757844326,6.7,234.719,2.718421052631579,-0.2654988442061912,2.0386405621971804,3.8118442027677,3.444958896416783,-2.567735940988791,2.55701929964276,0.4414653221262554,3.3737882963589705,1.5925094973903375,-2.7193658115645225,-2.0856572912734794,0.6189999999999998,-0.2000000000000001,0.1025119617224881
2014-01-01,-6.778990489887415,6.6,235.288,2.901904761904762,-0.6237757596059379,-3.0010381323969604,6.956380236569015,-5.3451965936812895,-3.406444878118764,5.9019702285052045,6.794124754051145,7.355482780885958,-1.6297593784274644,-0.7508967567002034,-1.300811767578125,0.5690000000000168,-0.1000000000000005,0.1834837092731831
2014-02-01,4.231658011059691,6.7,235.547,2.858095238095238,0.4578162336536628,4.551575061740576,6.708647544366175,7.604547463541689,4.125657962373341,10.36846676638843,7.589194090106788,19.813462482853605,5.197925902135903,5.624986752790884,6.5897794646238905,0.2589999999999861,0.1000000000000005,-0.0438095238095241
2014-03-01,0.9624781237526748,6.7,236.028,2.709473684210526,-0.0245069609937642,0.3865040884718729,-1.5042529101254587,-3.384807389731881,7.4000108800224895,-0.3625406483889981,-0.3859916759031412,-3.955383012766589,5.65623869646994,0.8652495335136345,-3.5239550028430378,0.4809999999999945,0.0,-0.1486215538847117
2014-04-01,1.3229787429540618,6.2,236.468,2.723333333333333,0.7578314395371155,1.1395525868714618,21.840321663455,-3.580344906508315,3.115109861210885,0.4077682845283314,3.958232322497457,1.2891547788358215,2.2583068274825813,-2.6151901993557103,-3.8449179455049554,0.4399999999999977,-0.5,0.0138596491228071
2014-05-01,5.253860971889668,6.3,236.918,2.705238095238095,0.3797346562122383,2.320663692861036,-8.665410415232543,-0.0047216671452798,0.1678259414076954,1.2859378477615424,-1.195351980853132,-6.8517094288002784,3.5886740369055925,-5.274948205546382,3.732085715903688,0.450000000000017,0.0999999999999996,-0.0180952380952379
2014-06-01,3.883667089342002,6.1,237.231,2.559047619047619,0.39721530119603,1.5777358666455132,2.92246208418494,-2.472871699798096,3.833180020934402,4.722586136497453,-0.017300283850774,9.247882571081757,0.5218627538172926,1.0616048112910503,6.569226249357807,0.3129999999999882,-0.2000000000000001,-0.1461904761904762
2014-07-01,-7.264328255434216,6.2,237.498,2.5985714285714288,0.5211070170876075,-0.871009024767655,-2.045501930153759,4.349623340500153,-4.3299696925550135,-1.785423103794026,-1.179419904198531,-0.3031087204925398,-3.9655180069061102,-3.3018861716407,-13.54935654938403,0.2669999999999959,0.1000000000000005,0.0395238095238097
2014-08-01,6.418238174930857,6.1,237.46,2.5422727272727275,0.5578343128883834,3.946331648408941,4.423695835466757,0.8073647321936939,3.636770194882266,4.094321685604352,5.939389667687656,-0.1954396050062756,3.335617835434257,3.3076345298433285,4.9163174072827776,-0.0379999999999824,-0.1000000000000005,-0.0562987012987012
2014-09-01,4.48624615923483,5.9,237.477,2.42,-0.3675914818629944,-1.8384658502866635,-4.774052670652107,1.0463857455759618,3.452176939715712,2.8507880380140183,-1.3808097592229007,3.6118109218513217,4.775168379610584,0.6124704836336425,-9.006317640673778,0.0169999999999959,-0.1999999999999993,-0.1222727272727275
2014-10-01,9.86844350724143,5.7,237.43,2.5342857142857143,0.5188900739658386,2.8335219056823124,2.099655937491796,13.696758882690109,1.116420045201716,2.282184874951088,-1.5474995263416005,-5.123873082154273,-1.529802698983207,1.2850713251437496,24.853916804626675,-0.046999999999997,-0.2000000000000001,0.1142857142857143
2014-11-01,9.858538473473356,5.8,236.983,2.304090909090909,0.0516921475588461,2.747214808827847,1.686310713448269,2.1967903681586964,0.4360727386682139,2.698647742318516,4.245778586830951,0.6197294631751671,4.272315418789541,4.006673695465124,3.5834384230219563,-0.4470000000000027,0.0999999999999996,-0.230194805194805
2014-12-01,-5.433518216750921,5.6,236.252,2.325555555555556,-0.1311438899197825,-0.8011636831725455,-5.109863374091739,-0.0338894134496059,-2.770410506056231,2.013857579054079,-5.976823975616464,-6.907160609467522,-4.128306122782243,0.8660922551401606,14.995767851377416,-0.7309999999999945,-0.2000000000000001,0.0214646464646466
2015-01-01,-7.778121687004691,5.7,234.747,2.2072727272727275,0.84903746790983,-2.427334914847934,0.9377223639744914,2.736169420479939,-4.236393550606687,4.362982774372082,6.9478262090197695,5.29298426995457,5.11546007384025,0.3210330238846204,-9.307467588189578,-1.5049999999999957,0.1000000000000005,-0.1182828282828283
2015-02-01,1.0011262715714508,5.5,235.342,1.8815,0.4564445767175185,5.620435224357356,-3.0123569850419973,1.078493991192775,2.366713660150843,-2.541694138823525,-2.886521083982063,7.158890270832807,5.133476082963417,9.823990722905783,5.984292082886666,0.5949999999999989,-0.2000000000000001,-0.3257727272727275
2015-03-01,-3.239643401538828,5.4,235.976,1.9752631578947368,-0.8057641989069886,-2.0079702025157298,2.104778381867156,5.876546159925589,-1.1762747221023884,4.273803512447016,-1.8107466212641032,11.81153130553696,-3.701165039195431,2.263707747030264,5.0204399162754765,0.6339999999999861,-0.0999999999999996,0.0937631578947368
2015-04-01,10.454367509351693,5.4,236.222,2.0427272727272725,1.0212388640199022,1.43413285673204,0.0730742096107572,-1.1937726932167436,-1.391669577111565,-1.0736200435707557,4.457159565016933,7.046814852702443,6.155280585089318,-2.4719499309822868,-11.55577193260704,0.2460000000000093,0.0,0.0674641148325356
2015-05-01,3.839000055724262,5.6,237.001,1.935,-0.2287013315546704,1.2856533657414015,-1.358057680476754,1.949970105463561,0.9475869567849404,9.781522794031773,2.2330234639200253,0.3732257173322706,0.913542712517912,2.4167177486050795,-0.6326490032522725,0.7789999999999964,0.1999999999999993,-0.1077272727272724
2015-06-01,0.9010572632986324,5.3,237.657,2.1975,0.3096962823414095,-2.5054693362690394,-5.684687952426404,3.003067805478432,-1.9665643791616727,6.549276338076515,-6.50350456867298,-3.0453595261345723,-4.273333722052897,-2.712419404897781,-8.456748249621537,0.6560000000000059,-0.2999999999999998,0.2624999999999997
2015-07-01,4.197029026002941,5.2,238.034,2.363636363636364,0.0026451559964835,2.756340989750328,6.074416774232683,-1.3525547361441848,2.8217080727882315,1.2217017558888044,4.353526628777926,7.6698519348521454,5.501326184900357,7.545499656057242,-15.376471519195412,0.3769999999999811,-0.0999999999999996,0.1661363636363644
2015-08-01,-10.193988699352571,5.1,238.033,2.3245454545454547,0.0212321087215583,-6.094995242835688,-7.4282371273470815,-8.893146602994218,-6.216951939390869,-2.555893142369048,-8.666894333218345,-6.258471855873404,-6.29397837198824,-10.648912125427069,-0.5538705851883208,-0.0010000000000047,-0.1000000000000005,-0.0390909090909095
2015-09-01,-12.818466846353092,5.0,237.498,2.1671428571428573,0.5300600315630177,-3.055626971041492,3.0887296124775254,-0.4540013929962616,0.0894945140809344,2.2391087229423734,-8.28227462198402,-1.8635770437520849,-5.4515533048638325,-1.7521758395631637,-4.455622617741772,-0.5349999999999966,-0.0999999999999996,-0.1574025974025974
2015-10-01,9.446800712936533,5.0,237.733,2.172857142857143,-0.068133787749447,9.070107662828253,0.219992906259292,12.105638927353857,8.227109190608694,-2.53313643987223,11.62296142986181,-1.95430029090472,-1.620971897717094,7.672728991389999,-12.52350471830276,0.2350000000000136,0.0,0.0057142857142857
2015-11-01,-1.4497569055634485,5.1,238.017,2.07,-0.3751179580072317,0.3654833325026807,6.773284334039387,1.607312783907311,0.2078636060775629,0.5761650683119734,-3.0186534075373306,3.365955915247243,-5.7392541232692444,-3.1046603795998884,19.15305193408512,0.2839999999999918,0.0999999999999996,-0.1028571428571432
2015-12-01,1.8744512192631733,5.0,237.761,2.263157894736842,0.316894851715177,-2.309662198096873,-0.2936982305633773,2.656268103502346,2.209811195859745,3.3572227834830937,-0.3584019500722513,5.657617818857297,0.9385273551799188,-0.7002014253473687,-6.963739110770195,-0.2560000000000002,-0.0999999999999996,0.1931578947368422
2016-01-01,-7.3261117801363795,4.8,237.652,2.2427272727272727,0.4032583083785512,-4.413148075286156,-5.095709626666678,-9.142944081506489,1.6744680179086258,-6.12392983701,-3.241462711912191,-3.805094212210147,-9.379359924208051,-5.545232111447818,-7.950355823896949,-0.1090000000000088,-0.2000000000000001,-0.0204306220095693
2016-02-01,0.516499759826794,4.9,237.336,2.0852631578947367,-0.1727710892978851,-0.0825571961474147,-11.017996868069934,-0.3699991536190494,0.737250835861869,-8.975978094498515,-0.9078024214714596,-8.000719458186756,-8.798245638610936,-2.6893935899709787,12.534225395484524,-0.3159999999999741,0.1000000000000005,-0.1574641148325359
2016-03-01,4.596218288092535,5.0,238.08,1.7795,0.6453493148965705,6.178937413541075,1.3992606593617118,3.148684347089948,3.587264664617229,0.7104507881211086,5.377382551680077,5.428008381819982,5.839496308358827,0.903237796009626,12.07413138154887,0.7439999999999998,0.0999999999999996,-0.3057631578947366
2016-04-01,6.792740405494979,5.1,238.992,1.8890909090909087,0.0739063624048963,0.9119296139514343,2.8409212569602493,13.665984110591388,3.5859048547758565,4.888195830899544,4.554491330138011,4.77508242084328,4.873003240032814,10.357632890005489,-4.192414174566594,0.9119999999999776,0.0999999999999996,0.1095909090909086
2016-05-01,4.155215296601789,4.8,239.557,1.805238095238095,-0.311686549492518,1.7011550250151108,2.555259465777593,-0.6649801614273532,0.5442798958394057,-0.6620286951239285,2.5893546261555933,0.4481219594666186,4.659728708208966,6.083758138342521,15.882148733289082,0.5649999999999977,-0.2999999999999998,-0.0838528138528136
2016-06-01,-1.6208423704819674,4.9,240.222,1.806190476190476,0.1948830905676546,-0.171563600842417,1.6498179025121518,2.580178199093841,8.408947907848718,5.65899356416546,2.3995629206298164,-4.032842197342168,3.773119452691809,2.378401794182605,-8.078836539737356,0.6650000000000205,0.1000000000000005,0.0009523809523808
2016-07-01,6.977875465122896,4.8,240.101,1.6440909090909093,0.047343633114516,4.186159908386156,13.083791570777016,2.2527496727074103,3.239905938996724,5.257077832191692,2.653807933618424,5.931588382442721,0.9089845307264754,4.771385912063031,12.013100082799545,-0.1210000000000093,-0.1000000000000005,-0.1620995670995666
2016-08-01,-2.3664429305849555,4.9,240.545,1.504,0.6108415242715992,0.1197356218463951,-3.895712962191367,-23.285660734356327,-4.70333864600363,-6.20094207314329,7.040566836307871,-17.99194399626125,-5.392757065598741,-5.665474169786366,-18.30801015052782,0.4439999999999884,0.1000000000000005,-0.1400909090909092
2016-09-01,-1.6068728820331946,5.0,241.176,1.556521739130435,0.357990539551567,-0.4968306029427771,1.490138560504839,-6.046369282374576,-0.3535742719658841,3.8860323551178855,-0.6051949037142568,-10.13064492617579,0.2412037104027042,-1.863379364157669,9.2470076869118,0.6310000000000002,0.0999999999999996,0.0525217391304349
2016-10-01,-11.558589108089812,4.9,241.741,1.6304761904761906,-0.3735442445960246,-1.2373086535612865,-13.816202741429318,-5.582327025074574,-1.8115699275821795,-7.998990729445731,-5.222552766364319,-14.546753990945184,-10.055726872107783,-6.377336674555679,-10.887363010028384,0.5650000000000261,-0.0999999999999996,0.0739544513457557
2016-11-01,10.004669073551554,4.7,242.026,1.7645,0.5554435401338598,3.6838265642193946,-7.697738646856633,11.630621762556316,-4.043467995183336,-9.100775710193654,4.2064118493830405,-5.458669022196794,-3.182189833680216,1.3560264721617976,36.54234664363412,0.2849999999999966,-0.2000000000000001,0.1340238095238093
2016-12-01,2.993423595415945,4.7,242.637,2.1420000000000003,0.1796784702781551,1.4293556798824492,4.5141736755808015,3.5435760573724773,4.22835497063232,10.297463332121026,-3.7914926140708127,6.726208360271602,5.933676152326872,2.0657624244260875,3.350373888581881,0.61099999999999,0.0,0.3775000000000004
2017-01-01,-2.4113499116310555,4.7,243.618,2.491904761904762,-0.1238441774375265,2.389421641933831,-0.3294523713198494,-15.879524711817416,-1.7012405423245225,4.731474371676248,6.107821557391158,0.8644456010605372,1.482693865757012,-2.309105341527052,4.088008709091695,0.9809999999999944,0.0,0.3499047619047615
2017-02-01,2.2155716005613835,4.6,244.006,2.4325,0.1515183994149849,3.9291598189304944,7.455021524772087,16.11976759478184,7.911672596041464,7.503511462265466,6.259089910248505,-2.322338225062448,5.749468916306322,7.532340303259377,3.20200786204603,0.3880000000000052,-0.1000000000000005,-0.0594047619047617
2017-03-01,5.368710433664958,4.4,243.892,2.4189473684210525,0.4446202999308202,-0.3087130970474194,9.955326928302055,-4.108610537226598,2.5891400925758035,2.253410658258659,-3.5372540286355947,-2.9719873282743503,-4.989130506333028,1.285222796554586,4.072234302944189,-0.1140000000000043,-0.1999999999999993,-0.0135526315789475
2017-04-01,1.1970415714530611,4.4,244.193,2.4817391304347827,-0.4540283422652225,1.431999485183444,-2.858055838028384,3.07098858787902,-0.8671266977733016,-2.4372711077184084,-1.196434895615972,15.086278037658872,7.492227079896341,-0.8477012684779184,19.87888569795542,0.3010000000000161,0.0,0.0627917620137301
2017-05-01,1.1173917796331256,4.4,244.004,2.2973684210526315,0.674467343099705,1.4112635503029436,13.685936804231646,-3.0482506867554826,3.8713935554971712,-3.034362323894724,4.460129351449771,9.539822670414488,6.153434266862434,-3.744102319555953,3.1766043962624613,-0.1890000000000213,0.0,-0.1843707093821511
2017-06-01,9.830363805956075,4.3,244.163,2.303636363636364,0.4890089302930667,0.1491286288603399,-0.872341707972335,3.2808169403839127,3.834100232970261,4.098834454862432,-1.566573361843948,1.2272870188060336,2.079001617507603,3.874846970648682,2.2690930071401327,0.1590000000000202,-0.1000000000000005,0.0062679425837326
2017-07-01,-3.58571467527955,4.3,244.243,2.186818181818182,-0.0885996173536907,2.5531001810717324,-11.469637156961364,2.1177214254636256,0.3250674679176502,0.4373934571050952,0.4052152073567239,-1.1424574862605286,2.072597549211208,-1.2801628636054607,8.607989539399362,0.079999999999984,0.0,-0.1168181818181821
2017-08-01,8.678121891103752,4.4,245.183,2.318,0.3119613666938914,0.2917647045969529,-1.1597169572143295,7.033582206538558,-0.2637119530385368,-1.6573811732547572,-0.0313012033648529,12.311314815230666,-1.068069170599706,2.291908471824655,0.4916519666466667,0.9399999999999976,0.1000000000000005,0.131181818181818
2017-09-01,18.00790616648733,4.3,246.435,2.2091304347826086,0.4703585895626139,1.5111817357696955,15.321293534228886,5.390218197243968,-1.1581202759865183,5.899316932935039,0.2661846841980342,2.156335795713349,1.850747459751556,6.275707011639375,12.425133149181011,1.2520000000000095,-0.1000000000000005,-0.1088695652173914
2017-10-01,1.5643095790644157,4.2,246.626,2.202,-0.0163723517297986,2.864361863214948,1.829986358229152,-3.2632675249803067,7.230219091600842,-4.208544697813609,-13.339886337977749,3.40600981194501,-3.808962129954308,-1.7927226497182258,14.105644675829732,0.1910000000000025,-0.0999999999999996,-0.0071304347826086
2017-11-01,8.13973751166519,4.2,247.284,2.3600000000000003,0.7277034712287689,3.056593638151095,-4.724625977467145,3.102433122127457,-0.0573772201148181,3.295091366640368,0.3267335948453409,3.97671463829965,3.8992595339393255,3.42271121052502,5.931091638518815,0.657999999999987,0.0,0.1580000000000003
2017-12-01,-0.2166786740236292,4.1,247.805,2.353333333333333,0.3502446252865887,0.6980566041878467,5.567376862677587,-3.0226189457124963,0.8939955876428041,0.4175259082611626,1.8093170869905693,3.6700713191544665,-2.144526719023021,0.802444590862117,0.5089956762030168,0.521000000000015,-0.1000000000000005,-0.0066666666666672
2018-01-01,16.037643653515854,4.0,248.859,2.4025,-0.0798739300473805,6.175890790273919,1.037478408028747,2.154034935290605,-1.095022725168393,-3.563821831702929,6.191542174270959,3.4097249033330224,7.265360322762193,2.2639292260041577,1.7663047447465274,1.054000000000002,-0.0999999999999996,0.0491666666666668
2018-02-01,3.9572978522333546,4.1,249.529,2.583809523809524,0.5649952810174774,-3.636061388884093,-5.33372143800227,6.444709407417304,-6.013465312700705,-5.438930783314011,-8.489441554112542,-7.243235433067518,-7.450594619203043,-1.9708294318126152,-16.664638705245714,0.6699999999999875,0.0999999999999996,0.1813095238095239
2018-03-01,-18.28541553633174,4.0,249.577,2.8589473684210525,-0.2382921603373722,-3.129014287878651,8.351860713165781,-4.45619345583107,-0.700197591589713,1.2020759312484364,0.4610687912901534,-4.331793792708849,-2.999397991370245,-1.3528348666690282,-12.947862991815906,0.0480000000000018,-0.0999999999999996,0.2751378446115287
2018-04-01,2.007400144991589,4.0,250.227,2.842380952380952,0.3836142555177835,0.9193889235386,1.60137314918527,-17.581028475300865,-1.2953612652593427,4.782227699448893,9.022966977683764,-3.3747948784998205,-1.6725538638094672,3.15583121942804,-10.741177738787632,0.6500000000000057,0.0,-0.0165664160401006
2018-05-01,3.536852161952964,3.8,250.792,2.869047619047619,0.3319029336279255,2.430949395555926,4.221794619699049,1.585139167567462,-5.4312433274422816,4.896977935348779,1.1210997812546086,1.278245304627834,-2.829567314698278,-1.8574270451071409,6.804125908037406,0.5649999999999977,-0.2000000000000001,0.0266666666666672
2018-06-01,-6.3573781768437865,4.0,251.018,2.977727272727273,0.187535248183579,0.1254711761878635,-5.185006638305556,5.169154653650399,2.1902003245252377,1.0329341007519366,1.965390331963568,-2.986958637316661,1.368761995249268,1.9598134486559893,-2.1937522113762764,0.2259999999999991,0.2000000000000001,0.1086796536796539
2018-07-01,-0.4533376287493951,3.8,251.214,2.9123809523809525,0.181935870017913,4.170328470882012,11.449743629704678,6.161903398048318,9.213776950373,15.797459157293382,9.355951774562657,7.914134774498494,11.066981332230874,10.06063079472721,4.584604927619651,0.1959999999999979,-0.2000000000000001,-0.0653463203463204
2018-08-01,5.128740027272949,3.8,251.663,2.889047619047619,0.5033412925234071,3.191981773207964,-2.0189024099655395,3.8099975858865154,1.6374983080909455,6.922404587950104,4.129339845520641,-1.2055537572462582,-1.0607731713736857,3.9819483155857816,18.44386007178582,0.4490000000000123,0.0,-0.0233333333333334
2018-09-01,-1.4586601018996226,3.7,252.182,2.889130434782609,-0.0969219836060908,0.1412200652379347,4.405127957456623,2.5268414970944564,3.267322151757224,2.132536186379852,3.426162274208866,-3.1820449526074324,3.794712154936208,7.045434144930307,6.699499898105299,0.518999999999977,-0.0999999999999996,8.281573498969408e-05
2018-10-01,-17.688731946708224,3.8,252.772,3.004210526315789,0.08871115088942,-6.489016198173081,-1.9964633783594588,-18.588921514725577,1.3172444704951491,1.053030297185975,4.47175075374262,-8.400498188804562,1.5088373151699974,-2.2918102709474697,-16.467559434906953,0.5900000000000034,0.0999999999999996,0.1150800915331804
2018-11-01,22.38723781080132,3.8,252.594,3.152272727272727,-0.2152118715184614,1.8549162472839555,2.6817955452262288,6.457309558107349,4.93605876640062,9.406111416899954,7.78427195480722,7.966637985617719,4.653548297896237,7.361841110607159,4.550630761104357,-0.1779999999999972,0.0,0.1480622009569376
2018-12-01,-2.206418168729074,3.9,252.767,3.117,0.4027384291632518,-9.334310684883873,-4.620807461954579,-2.768444763235056,-11.591693584710116,-1.970155335856261,-3.692986426413958,-1.179740343766622,-6.249333246308375,-4.852195198220688,-23.00637747629172,0.1730000000000018,0.1,-0.0352727272727269
2019-01-01,-12.90811709550528,4.0,252.718,2.8326315789473684,0.3431361357661977,8.63727095217557,-3.68612680448478,-5.021184922733335,3.122842734076703,3.577586163943014,-1.908454588610764,2.062087038027149,1.9927852624707976,-2.749138350479985,28.11428103159645,-0.0490000000000065,0.1,-0.2843684210526316
2019-02-01,-0.0973235151876306,3.8,253.322,2.713809523809524,-0.0360354807736329,3.241604948627397,13.6686558177197,5.463200244668487,2.675068886275578,5.36460651255255,9.216729556833103,4.104613600089646,4.239038100642789,3.0120156335167403,22.330782066120047,0.6040000000000134,-0.2000000000000001,-0.1188220551378442
2019-03-01,1.7037090018956702,3.8,254.202,2.6763157894736844,0.0800971618330148,1.3635696048746482,-0.5366946912808701,-7.646164276070378,2.9838424364770466,3.304538185481088,2.312680399210043,6.864156475342265,5.381997092991098,-2.030001711999907,2.3381673963365435,0.8799999999999955,0.0,-0.0374937343358396
2019-04-01,-1.4890326822379452,3.6,255.211,2.570952380952381,0.3581669953381716,4.543687897899429,-6.851336342219961,-2.6828502880605565,1.0086747545122288,-9.802723093334633,-4.7202764011530345,-4.869829941835457,-1.4579636463136758,-4.379550389223141,5.438065913971468,1.0090000000000146,-0.1999999999999997,-0.1053634085213035
2019-05-01,-2.094581535754048,3.7,255.29,2.532380952380952,0.083201591667481,-6.377098235193934,-0.74349229414028,-1.4208614825423904,-7.117583700309204,-0.9398491109169348,0.6352351649749011,-3.693124175791229,4.14691561830276,2.240810672475124,-17.627744762510964,0.0789999999999793,0.1,-0.0385714285714287
2019-06-01,-5.201417339077208,3.6,255.159,2.395,0.6494499883232141,6.440930963184233,10.433376937769022,-0.0441113997753817,6.925681465780764,-3.905855451458484,5.857845412267948,8.135599266274562,6.620716653182668,5.26065793837267,25.067030191258443,-0.1310000000000002,-0.1,-0.1373809523809521
2019-07-01,-8.388342906518254,3.7,255.685,2.074,0.2713760877266935,2.005681084858013,5.159887958580778,-2.072758525300533,-6.50490762212681,-1.660844714475307,-0.3646405685823972,-6.112856865546279,0.2957174670887852,-10.34167425578838,-8.06582339857207,0.5260000000000105,0.1,-0.3210000000000002
2019-08-01,0.183811027266878,3.7,256.059,2.059090909090909,0.1534210586693785,-1.6743482891824146,3.73185191364227,9.20051479991326,-1.4283465383032157,3.6897778878483,4.193304195094672,8.74373998365714,-1.6051574494604814,-8.470646980814289,-16.538513101919595,0.3740000000000236,0.0,-0.0149090909090907
2019-09-01,15.18099608323691,3.5,256.511,1.6263636363636365,0.1620714512302834,1.4771676816446755,0.0031001521047402,5.492007252410036,1.549925454785317,-0.4541748147917412,-2.648333736208719,0.0989803255632582,-3.5623118843968515,2.014485065005278,3.2396983871337603,0.4519999999999982,-0.2000000000000001,-0.4327272727272726
2019-10-01,5.058117750090863,3.6,257.244,1.6995,-0.1017394682210071,2.6824732936582496,10.0067177274072,13.133493018271004,2.0559492109634814,1.8957514893824128,3.6302451462275176,6.808503704600311,0.6214077980186916,6.790965808930216,-0.8997227166424815,0.7330000000000041,0.1,0.0731363636363635
2019-11-01,11.890958491405112,3.6,257.803,1.7068181818181818,0.5090949458754768,3.619835701456275,-1.1217674602980066,0.0843462189261456,4.127564808675577,2.98376326802694,0.6000395793849034,1.6841727354565572,5.558090622149647,0.3909549051110073,-4.030108966093115,0.5589999999999691,0.0,0.0073181818181817
2019-12-01,0.9232701982217596,3.6,258.616,1.8121052631578949,0.1383932162061896,2.402097598539399,2.846542221055337,12.732719640533595,6.830002930390178,12.642458752356744,4.324387946786179,3.0810338559156936,2.589381475741992,2.696403838463568,-4.068605400475134,0.8129999999999882,0.0,0.1052870813397131
2020-01-01,-8.493319159744805,3.5,259.037,1.8628571428571428,-0.2943935375064765,0.4510460294705476,-2.326505892975184,-1.9317846951958817,2.056649349144535,6.246652511939099,-5.4141304928383205,5.096748751265712,-0.1900951854386323,-4.951527824229462,-5.596090089855343,0.4209999999999922,-0.1,0.0507518796992478
2020-02-01,7.217944755045247,3.5,259.248,1.757619047619048,0.8420561217874267,-7.916568740425656,-10.061621309139444,-5.51712435119277,-9.666131774558428,-9.674868380399973,-10.39325705401688,-4.438591400685832,-11.162842922821405,-9.341059667402185,-1.4861995753715496,0.2110000000000127,0.0,-0.1052380952380946
2020-03-01,-11.107230361286724,4.4,258.124,1.5042105263157897,-5.0633112252971735,-12.998713445433484,4.0412531729570045,-5.621399969869023,-1.8692909944614144,10.551819215421588,0.4963464546532625,3.5609924882678445,-1.7984773833490952,-2.333933482295447,-18.60344985435749,-1.1239999999999668,0.9000000000000004,-0.2534085213032584
2020-04-01,7.8881668533282046,14.7,256.092,0.87,-9.870787875212084,13.361052859932032,17.062235501873424,9.0957954165797,14.420782137753928,11.476346246297208,3.9712079341011286,5.199329937263086,6.494534196619717,17.524467349503126,17.602206173361633,-2.032000000000039,10.3,-0.6342105263157897
2020-05-01,14.41860784243516,13.2,255.868,0.6576190476190477,4.269455947236156,4.764516546959774,4.437641999041975,-0.97963148908512,-0.8597730989003405,-1.0928609479904927,1.7393574069692883,4.121265474706304,3.1865869033148586,-0.4431256836672115,-2.503601185496862,-0.2239999999999895,-1.5,-0.2123809523809523
2020-06-01,5.94584313247819,11.0,256.986,0.674,5.782890383943329,1.3275351236691435,-3.131862383922845,-1.540547012304749,-4.80346010820104,7.847609191658877,-4.19970593270077,-0.6975974408327312,-0.1029370103843851,-13.522173520086456,15.09329024151409,1.117999999999995,-2.1999999999999997,0.0163809523809523
2020-07-01,-3.330623575143876,10.2,258.278,0.7286363636363636,1.3893162901555067,6.355212244808306,5.464174995731019,-0.2380829993460009,3.647851726053664,-8.460229389866091,4.587890107067438,-0.2290914323847648,-5.953740650485129,17.675828199230725,-4.341890930149949,1.29200000000003,-0.8000000000000007,0.0546363636363635
2020-08-01,2.137698856585213,8.4,259.411,0.6236363636363637,1.0899011017356353,6.979689683116508,0.3943928000160079,6.843788985278221,5.248383332746065,-1.2642135931460352,6.268694738429481,1.08680074435481,4.772334153505731,-0.8333082512566148,-4.933303769083408,1.1329999999999814,-1.799999999999999,-0.1049999999999999
2020-09-01,-8.54130793533413,7.9,260.029,0.65,1.196055494757453,-4.1281539118833255,-1.3605574269306977,-3.070737061722728,-2.306972642564886,0.2368998021445412,-2.7207622157565448,5.954123411507273,1.045786844255514,-2.8843488821974628,-13.458653542123743,0.617999999999995,-0.5,0.0263636363636363
2020-10-01,-2.8427846185441807,6.9,260.286,0.6795238095238095,0.4979979382327082,-2.1030383658258933,-8.467144663319903,-3.05190579331841,-7.905694035074884,-11.863256602492289,-8.671475287641384,-7.979245530726098,-10.211595898916991,-3.3242437596650687,23.618197265679708,0.257000000000005,-1.0,0.0295238095238095
2020-11-01,24.56425300637781,6.7,260.813,0.7871428571428571,-1.102050643878827,10.8776734460716,5.542271635537177,7.5607367672180015,5.521125998856635,11.643413270324588,6.887371667035969,5.07121256137637,16.329413059393683,13.807031018047455,21.1928742639038,0.5269999999999868,-0.2000000000000001,0.1076190476190476
2020-12-01,2.4574448904574275,6.7,262.035,0.8700000000000001,0.150252873393919,3.2646570106811934,-5.572337783141935,-0.592959150315242,9.533870846855352,16.51735130334775,1.753966961744147,4.051832298062985,3.963447269263765,-2.927256720882343,5.704165417691542,1.2220000000000368,0.0,0.0828571428571429
2021-01-01,-4.358361982847569,6.3,262.65,0.9336363636363636,1.8374173297258656,-0.5971228794490524,1.2202287983963611,-0.1773401005806918,3.653577143926645,23.17578123209558,-5.038371443038747,-0.3579107693941874,-4.193590736716013,-2.472138326780926,0.5022951070959847,0.6149999999999523,-0.4000000000000003,0.0636363636363634
2021-02-01,6.3623020717469725,6.2,263.638,1.0810526315789473,-1.1912089305424425,2.7805526854594698,-4.387336381764062,-0.1627778588015438,-2.8627569845416034,-1.4809862873383928,-5.77399302967695,2.370702917240952,-5.040331443611934,-5.698278011502877,16.281147697093257,0.9879999999999995,-0.0999999999999996,0.1474162679425836
2021-03-01,0.4455391579726075,6.1,264.914,1.2578947368421052,2.3553076611493085,4.198639315183961,4.756124199135425,2.934952057224627,4.363781835275016,-8.438582437783237,6.155348376319902,-5.375438108797903,-0.500533983921736,8.18152187464969,3.7084037606172737,1.2760000000000105,-0.1000000000000005,0.1768421052631579
2021-04-01,3.030850904301285,6.1,266.67,1.6108695652173912,0.076909687663873,5.63590525419797,6.737722095068199,-0.3534471546833395,-0.98570614279041,-2.167862180859004,-2.510620338590741,11.250796875998128,3.720701014833905,6.679564025056495,4.05397659627269,1.7560000000000286,0.0,0.352974828375286
2021-05-01,2.759062965919168,5.8,268.444,1.635,0.6325688907476756,0.656603894142882,6.971922480264303,5.286787229703438,4.006631553487083,9.284896109015683,1.8657723334924992,6.693724368063991,3.683718368625799,0.2069928778677843,-4.335166663160505,1.774000000000001,-0.2999999999999998,0.0241304347826087
2021-06-01,-0.4947096512114446,5.9,270.559,1.621,0.1406120691039625,1.9093455188899933,5.513482515156642,1.6737467976657203,-2.057419796922222,15.417159293892446,7.396172276145596,6.172367662928435,3.23603040855216,2.106526742694137,7.179074731820778,2.115000000000009,0.1000000000000005,-0.014
2021-07-01,3.249304451051027,5.4,271.764,1.5190909090909093,-0.2103820900584918,2.776389687810865,-4.440735303333964,1.571393206721905,4.528331778071526,6.090979571976729,-0.3076374551613026,10.540766926606327,1.2604119206150566,9.320748888248588,-5.079679677899729,1.204999999999984,-0.5,-0.1019090909090907
2021-08-01,5.009872075188082,5.2,272.87,1.3185714285714287,0.7214224391551616,2.9759922308802977,1.8169088423394708,-0.7604041054572797,0.5400865203655236,6.073924539818831,-0.7545252075404019,7.958964248616618,0.0,8.58972869653738,11.442810524753424,1.1059999999999943,-0.2000000000000001,-0.2005194805194805
2021-09-01,-10.688849960540049,4.8,274.028,1.2831818181818182,0.2456674894409483,-4.964999442331408,3.879977778890909,-11.501642654436994,-6.163178478685783,-10.257452061929918,-1.5467244598850516,-3.4377864684662085,-11.48392560854984,-6.642060577290032,-12.20752671132118,1.1580000000000157,-0.4000000000000003,-0.0353896103896105
2021-10-01,6.303869046852317,4.5,276.522,1.3747619047619049,1.2729808948519938,7.359186178578692,3.862812805314997,-0.4970298745020862,0.854481944693708,10.261843124077984,18.278640419458704,14.706800877752936,1.1983376986913985,1.6972736684168543,7.850707703274806,2.493999999999972,-0.2999999999999998,0.0915800865800866
2021-11-01,1.7507648900157768,4.2,278.711,1.5825,-0.1444905837037491,-0.8034753617101709,-12.103237736814432,-8.167812964304266,-4.266959627878764,-2.637780892431374,-14.923330645732412,-2.996461142241724,-3.69744213733062,22.839515439002067,35.55091573979941,2.1890000000000214,-0.2999999999999998,0.2077380952380951
2021-12-01,17.453170701328634,3.9,280.887,1.5595,0.3324547751599072,4.258490270255955,6.237452999440807,16.259558926991446,10.42812386872658,11.722661808414724,2.309425191160908,4.839475161603368,9.749050088099253,10.866044132573926,0.1393899529083198,2.175999999999988,-0.3000000000000002,-0.0229999999999999
2022-01-01,1.1004352893890346,4.0,282.599,1.465,-0.6882068050654278,-4.941332813449217,-0.0686676923744467,4.07378363272215,0.7131448470849122,-11.161398820265555,7.32387275744768,-10.830357494461571,-0.640214530089589,-10.770536192022572,-0.018310546875,1.711999999999989,0.1,-0.0945
2022-02-01,9.068145151109208,3.8,284.61,1.764,0.1684125760265997,-2.951701679018015,4.5868405701184,6.752617632788627,-4.480811425151843,1.858268760889348,-6.013745838236496,3.084000528388775,0.6328397556708554,-10.235539121921668,0.0183139002502885,2.011000000000024,-0.2000000000000001,0.2989999999999999
2022-03-01,9.70425565541866,3.6,287.472,1.9342105263157887,-0.0172119732713693,3.437689520143028,10.770718919302702,6.349213676081633,8.384076230462355,15.04918319514774,7.142852705260805,7.8679027749501085,0.3315809413981574,10.289732107892146,-0.4761860047504562,2.8619999999999663,-0.1999999999999997,0.1702105263157891
2022-04-01,-9.39484300134994,3.6,288.611,2.1278260869565218,-0.3517189433583922,-8.493505073750796,0.0904497389435876,3.827757426344202,1.822479020140122,2.0114100223169062,9.054139829463438,3.641715117964917,4.519112680924864,-5.215375802868971,-0.3606959669848586,1.13900000000001,0.0,0.1936155606407326
2022-05-01,1.186329797833641,3.6,291.268,2.7475,0.2654324731720114,0.2257241462013892,0.1204906684297402,0.2391467926342372,-0.51534827526587,7.294686005710571,3.765922339216932,-3.157890810140629,3.3056955861447967,8.090479269074757,-1.9725163688726568,2.6569999999999823,0.0,0.6196739130434783
2022-06-01,3.9289037785503744,3.6,294.728,2.8980952380952383,-0.0409689492041787,-8.640684554959455,-0.6167363484940291,2.0543434211372835,-0.4898029688621075,3.791026299953937,-0.9344780750957572,0.9329634938138432,-7.0486062750864775,-0.3439614072790142,-1.2397349025502824,3.4600000000000364,0.0,0.1505952380952382
2022-07-01,-6.300610128726758,3.5,294.628,3.143333333333333,-0.0553313952702971,9.68049024254225,0.242173171219151,-3.5162396786032613,-1.6843983854608058,1.683983596873362,-1.205267033574653,4.155070584026221,1.5379177623629392,-3.6620239996439374,2.731887428804636,-0.1000000000000227,-0.1,0.2452380952380948
2022-08-01,-5.429778642475258,3.7,295.32,2.896,1.5192611891161167,-4.08018950358815,-5.813079276843358,-8.63376645708428,-7.552151225698989,-8.632347534488128,-4.454882121947179,-8.581763581672641,-6.186652790859782,-9.758538191380495,-6.956358673180707,0.6920000000000073,0.2000000000000001,-0.2473333333333331
2022-09-01,-0.185919714543925,3.5,296.539,2.8978260869565218,-0.6421608065336315,-9.615877545230775,-11.466274785860175,5.459120969157838,1.932340419738732,7.69365622313658,0.890347849379336,-5.591228654197855,-5.601081631543304,-3.250061087948597,-3.4488261385512864,1.218999999999994,-0.2000000000000001,0.0018260869565218
2022-10-01,9.082758908772949,3.7,297.987,3.5190476190476194,0.2802279590306655,8.571722472502973,7.239243299386522,8.974528458739384,6.494844190461735,11.980825652615136,18.45777682066756,9.244201035901469,6.735944486693679,6.375681972953995,-2.7079555645499465,1.448000000000036,0.2000000000000001,0.6212215320910977
2022-11-01,11.21590633368752,3.6,298.598,3.9835,0.4701344769272753,5.559163908607334,15.575584046727698,4.416366725923715,2.316497655346983,2.482801243368616,8.814239427794156,14.47997407097006,10.39073399657382,7.69067009221045,-53.66506604890606,0.61099999999999,-0.1,0.4644523809523804
2022-12-01,0.2667857996769607,3.5,298.99,3.891,-0.0851613954586549,-6.193593426312216,-0.2501051072321569,-10.376181185667722,-0.1178726262954454,-1.1370719275947685,0.753719421033483,8.61958632621953,1.2952214381454883,3.090301680993534,9.446070557485251,0.3919999999999959,-0.1,-0.0924999999999998
2023-01-01,-8.576204628284367,3.4,300.536,3.616190476190476,0.3902538493121721,6.776820372362646,-3.584078853410766,0.97290776018073,-7.48938394072749,-5.928822215798801,-2.549213158229302,2.541748975865588,-0.1102267348403351,-13.817334586005646,16.968326312551252,1.5459999999999925,-0.1,-0.274809523809524
2023-02-01,5.152609389615059,3.6,301.648,3.5315,-0.4421833689598697,-2.51427096873772,-0.2906485226146227,-4.328216927360407,-6.21711547089504,-9.56850227224948,-1.0892881397295162,1.5924453522690785,-7.172810850808675,-7.286114929150711,5.451680500034439,1.1120000000000232,0.2000000000000001,-0.0846904761904761
2023-03-01,3.554254425958004,3.5,301.808,3.7468421052631578,-0.4421833689598697,3.313488382161034,8.035329090235678,0.5075441715466145,1.8627362228829325,10.703390155656534,0.1411893676632525,12.873250158485172,9.367573562514252,0.5669243621506892,11.025812543491952,0.1599999999999681,-0.1,0.2153421052631579
2023-04-01,-5.176628485211266,3.4,302.918,3.6630434782608696,-0.4421833689598697,1.9852379797527409,5.48911879783347,-3.664706531926598,5.612907980362247,15.269914661378948,9.289213898719506,5.836893959075606,16.334413169098603,-4.681371226354159,-1.5174667066521708,1.1100000000000136,-0.1,-0.0837986270022881
2023-05-01,-7.86847983832919,3.7,304.127,3.46,-0.4421833689598697,0.461619373823563,-0.1912037521365817,-2.695193871037272,-5.277949042558139,8.48785497105169,-4.382088425652952,-3.967915356593954,-6.161645426175366,-2.2370803020451024,-2.162159548631837,0.1,0.3000000000000002,-0.2030434782608696
